Dokumen,Layout,Doc Type,Bahasa,Special Issue,Skor Komposit (0–100)*|JS,Skor Komposit (0–100)*|Python,Skor Komposit (0–100)*|Diff,Text Edit ↓|JS,Text Edit ↓|Python,Text Edit ↓|Diff,Text CER ↓|JS,Text CER ↓|Python,Text CER ↓|Diff,Formula Edit ↓|JS,Formula Edit ↓|Python,Formula Edit ↓|Diff,Table TEDS ↑|JS,Table TEDS ↑|Python,Table TEDS ↑|Diff,Table TEDS-S ↑|JS,Table TEDS-S ↑|Python,Table TEDS-S ↑|Diff,Reading Order Edit ↓|JS,Reading Order Edit ↓|Python,Reading Order Edit ↓|Diff,Coverage F1 ↑|JS,Coverage F1 ↑|Python,Coverage F1 ↑|Diff,BBox IoU ↑|JS,BBox IoU ↑|Python,BBox IoU ↑|Diff
PPT_1637904769_page_017,single_column,PPT2PDF,english,,61.84,61.84,0.0,0.3816,0.3816,0.0,0.3816,0.3816,0.0,,,,,,,,,,0.0,0.0,0.0,0.5714,0.5714,0.0,0.5893,0.5894,-9.999999999998899e-05
PPT_8076_MEYER_Chapter_2_-_Language_Change_page_021,single_column,PPT2PDF,english,"table_wireless_line, table_horizontal",82.2,81.47,0.730000000000004,0.0,0.0,0.0,0.0,0.0,0.0,,,,0.6441,0.6294,0.014700000000000046,0.7647,0.7647,0.0,0.0,0.0,0.0,1.0,1.0,0.0,0.9613,0.9613,0.0
PPT_BaharMartonosi_page_007,single_column,PPT2PDF,english,,88.19,88.71,-0.519999999999996,0.1181,0.1129,0.005199999999999996,0.1788,0.1736,0.005199999999999982,,,,,,,,,,0.0,0.0,0.0,0.8571,0.8571,0.0,0.8429,0.8348,0.008099999999999996
PPT_CalculusReview_page_002,1andmore_column,PPT2PDF,english,,64.26,64.26,0.0,0.3574,0.3574,0.0,0.3574,0.3574,0.0,,,,,,,,,,0.0,0.0,0.0,0.5455,0.5455,0.0,0.7124,0.7124,0.0
PPT_CalculusReview_page_033,single_column,PPT2PDF,english,,45.89,45.21,0.6799999999999997,0.348,0.3363,0.011699999999999988,0.348,0.3363,0.011699999999999988,0.7342,0.7595,-0.02529999999999999,,,,,,,,,,0.6667,0.6667,0.0,0.6182,0.6017,0.01649999999999996
PPT_LEP power point presentation-English-FINAL-10-31-07_page_008,single_column,PPT2PDF,english,,68.0,86.16,-18.159999999999997,0.32,0.1384,0.1816,0.3779,0.1397,0.23820000000000002,,,,,,,,,,0.0,0.0,0.0,0.7692,0.7143,0.05489999999999995,0.6279,0.8191,-0.19120000000000004
PPT_PresentationSpecification_page_010,single_column,PPT2PDF,english,,71.11,78.39,-7.280000000000001,0.0404,0.0293,0.011099999999999999,0.0404,0.0293,0.011099999999999999,,,,0.4626,0.5971,-0.13449999999999995,0.6,0.675,-0.07500000000000007,0.0,0.0,0.0,1.0,1.0,0.0,0.9601,0.9544,0.005699999999999927
PPT_StewartCalcET7e_03_02_page_007,single_column,PPT2PDF,english,,85.64,85.64,0.0,0.125,0.125,0.0,0.1724,0.1724,0.0,0.1621,0.1621,0.0,,,,,,,0.0,0.0,0.0,1.0,1.0,0.0,0.9164,0.916,0.00039999999999995595
PPT_StewartCalcET7e_03_02_page_010,single_column,PPT2PDF,english,,80.59,80.59,0.0,0.2015,0.2015,0.0,0.4446,0.4446,0.0,0.1866,0.1866,0.0,,,,,,,0.0,0.0,0.0,0.9333,0.9333,0.0,0.8641,0.8649,-0.0008000000000000229
PPT_The Right Moves_page_010,single_column,PPT2PDF,english,,99.61,99.8,-0.18999999999999773,0.0039,0.002,0.0018999999999999998,0.0039,0.002,0.0018999999999999998,,,,,,,,,,0.0,0.0,0.0,0.8,0.8,0.0,0.9631,0.9514,0.011699999999999933
PPT_The Right Moves_page_024,single_column,PPT2PDF,english,,19.43,19.43,0.0,0.8057,0.8057,0.0,0.8057,0.8057,0.0,,,,,,,,,,,,,0.4,0.4,0.0,0.1659,0.1675,-0.001600000000000018
PPT_ch7_page_021,single_column,PPT2PDF,english,,81.33,75.87,5.459999999999994,0.1579,0.2049,-0.046999999999999986,0.1709,0.2333,-0.06240000000000001,0.2154,0.2778,-0.06239999999999998,,,,,,,0.0,0.0,0.0,0.8571,0.8571,0.0,0.9342,0.9342,0.0
PPT_ch7_page_035,single_column,PPT2PDF,english,,52.9,55.11,-2.210000000000001,0.2719,0.2621,0.009799999999999975,0.578,0.5151,0.06289999999999996,0.6701,0.6358,0.0343,,,,,,,0.0,0.0,0.0,1.0,1.0,0.0,0.9703,0.9703,0.0
PPT_english-studies-s6-on-the-road-resource-3_page_003,single_column,PPT2PDF,english,,99.88,100.0,-0.12000000000000455,0.0012,0.0,0.0012,0.0012,0.0,0.0012,,,,,,,,,,0.0,0.0,0.0,1.0,1.0,0.0,0.9743,0.9743,0.0
PPT_english-studies-s6-on-the-road-resource-3_page_005,single_column,PPT2PDF,english,,80.48,80.48,0.0,0.1952,0.1952,0.0,0.1952,0.1952,0.0,,,,,,,,,,0.0,0.0,0.0,0.8,0.8,0.0,0.7541,0.7541,0.0
PPT_lay_linalg5_01_05_page_003,single_column,PPT2PDF,english,,53.14,52.34,0.7999999999999972,0.6476,0.6637,-0.016100000000000003,2.5324,2.5997,-0.06729999999999992,0.2895,0.2895,0.0,,,,,,,0.0,0.0,0.0,1.0,1.0,0.0,0.4895,0.4892,0.00029999999999996696
PPT_lecture1_page_022,single_column,PPT2PDF,english,,59.64,59.64,0.0,0.3734,0.3734,0.0,0.8159,0.8159,0.0,0.4338,0.4338,0.0,,,,,,,0.0,0.0,0.0,0.8571,0.8571,0.0,0.8164,0.8173,-0.0009000000000000119
PPT_linear-algebra primer_page_016,single_column,PPT2PDF,english,,64.5,64.65,-0.15000000000000568,0.2105,0.2101,0.0003999999999999837,0.2876,0.2876,0.0,0.4995,0.497,0.0025000000000000022,,,,,,,0.0,0.0,0.0,0.8571,0.8571,0.0,0.8186,0.8183,0.00029999999999996696
PPT_session 10_page_023,single_column,PPT2PDF,english,"table_fewer_line, table_horizontal",92.0,88.67,3.3299999999999983,0.08,0.1133,-0.033299999999999996,0.087,0.1203,-0.03330000000000001,,,,,,,,,,0.0,0.0,0.0,0.8,0.8,0.0,0.9518,0.9505,0.0012999999999999678
PPT_session 10_page_028,single_column,PPT2PDF,english,"table_full_line, table_horizontal",94.83,94.83,0.0,0.0517,0.0517,0.0,0.0577,0.0577,0.0,,,,,,,,,,0.0,0.0,0.0,0.8,0.8,0.0,0.9658,0.9714,-0.005600000000000049
book_en_5.Advanced.Modern.Algebra.-.J.Rotman.2003_page_887,single_column,book,english,,82.81,83.05,-0.23999999999999488,0.2012,0.1969,0.004299999999999998,0.257,0.247,0.010000000000000009,0.1425,0.1421,0.0003999999999999837,,,,,,,0.0,0.0,0.0,1.0,1.0,0.0,0.9157,0.9157,0.0
book_en_6.Complex.Analysis.-.Elias.M..Stein_page_051,single_column,book,english,,98.16,98.41,-0.25,0.0369,0.0318,0.0051,0.0411,0.036,0.0051,0.0,0.0,0.0,,,,,,,0.0,0.0,0.0,0.9412,0.9412,0.0,0.9533,0.9533,0.0
"book_en_A.Concise.Introduction.to.Linear.Algebra,.Geza.Schay,.Birkhauser,.2012_page_065",single_column,book,english,,8.75,8.62,0.13000000000000078,0.8251,0.8277,-0.0026000000000000467,9.6205,10.7819,-1.1614000000000004,1.0,1.0,0.0,,,,,,,,,,0.6857,0.6857,0.0,0.2424,0.2414,0.0010000000000000009
book_en_[搬书匠#893][Pyomo—Optimization Modeling in Python].2012.英文版_page_016,single_column,book,english,,85.9,85.67,0.23000000000000398,0.141,0.1433,-0.0023000000000000242,0.141,0.1433,-0.0023000000000000242,,,,,,,,,,,,,1.0,1.0,0.0,0.9564,0.9539,0.0025000000000000577
"book_en_国外数学教材-An Excursion through Elementary Mathematics（初等数学漫游）-An excursion through elementary mathematics, Vol.3 (Caminha Muniz Neto A)_0035",single_column,book,english,,87.37,87.84,-0.46999999999999886,0.1693,0.1598,0.009500000000000008,0.2444,0.2261,0.01830000000000001,0.0833,0.0833,0.0,,,,,,,0.0,0.0,0.0,1.0,1.0,0.0,0.9626,0.9685,-0.005900000000000016
"book_en_国外数学教材-An Excursion through Elementary Mathematics（初等数学漫游）-An excursion through elementary mathematics, Vol.3 (Caminha Muniz Neto A)_0119",single_column,book,english,,85.29,85.28,0.010000000000005116,0.2942,0.2945,-0.00029999999999996696,0.343,0.3432,-0.00019999999999997797,0.0,0.0,0.0,,,,,,,0.0,0.0,0.0,0.7059,0.6667,0.03920000000000001,0.7664,0.7825,-0.016100000000000003
book_en_国外数学教材-数论-Melvyn B. Nathanson—Elementary Methods in Number Theory_0092,single_column,book,english,,91.97,92.0,-0.030000000000001137,0.1605,0.16,0.0005000000000000004,0.1844,0.1839,0.0005000000000000004,0.0,0.0,0.0,,,,,,,0.0,0.0,0.0,0.9143,0.9143,0.0,0.8877,0.89,-0.0022999999999999687
book_en_国外数学教材-数论-Melvyn B. Nathanson—Elementary Methods in Number Theory_0119,single_column,book,english,,90.3,90.41,-0.10999999999999943,0.1624,0.16,0.0023999999999999855,0.2161,0.2149,0.0011999999999999789,0.0317,0.0317,0.0,,,,,,,0.0,0.0,0.0,1.0,1.0,0.0,0.878,0.9028,-0.024800000000000044
book_en_国外数学教材-数论-Melvyn B. Nathanson—Elementary Methods in Number Theory_0242,single_column,book,english,,75.16,74.0,1.1599999999999966,0.2263,0.2259,0.00040000000000001146,0.4034,0.4121,-0.008700000000000041,0.2706,0.2942,-0.02360000000000001,,,,,,,0.0,0.0,0.0,1.0,1.0,0.0,0.8972,0.9376,-0.04039999999999999
book_en_国外数学教材-数论-Melvyn B. Nathanson—Elementary Methods in Number Theory_0363,single_column,book,english,,91.29,91.3,-0.009999999999990905,0.0802,0.0801,9.999999999998899e-05,0.0967,0.0965,0.00019999999999999185,0.094,0.094,0.0,,,,,,,0.0,0.0,0.0,1.0,1.0,0.0,0.8984,0.9298,-0.031399999999999983
book_zh_GB149361994_extracted_page_7,single_column,book,simplified_chinese,,55.98,57.64,-1.6600000000000037,0.3314,0.2851,0.04629999999999995,0.4086,0.3946,0.014000000000000012,0.5491,0.562,-0.012900000000000023,,,,,,,0.0,0.0,0.0,0.9286,0.9286,0.0,0.7676,0.7917,-0.02410000000000001
book_zh_GBT 50744-2011_extracted_page_67,single_column,book,simplified_chinese,,45.69,48.83,-3.1400000000000006,0.4351,0.4325,0.002599999999999991,2.1806,2.174,0.006600000000000161,0.6511,0.591,0.06010000000000004,,,,,,,0.0,0.0,0.0,0.96,0.96,0.0,0.6723,0.6916,-0.019299999999999984
book_zh_TB100782001_extracted_page_21,double_column,book,simplified_chinese,,35.96,38.11,-2.1499999999999986,0.6102,0.6058,0.0043999999999999595,2.0383,2.089,-0.05069999999999997,0.6706,0.6321,0.03849999999999998,,,,,,,0.1455,0.0363,0.10919999999999999,0.6667,0.7273,-0.06059999999999999,0.4776,0.4506,0.027000000000000024
color_textbook_zhonggaokao_小学_13.人教新起点英语（4-5年级）_人教新起点五年级英语上册_课本_人教新起点英语5A电子课本_page_004,single_column,colorful_textbook,english,,,,,,,,,,,,,,,,,,,,,,,1.0,1.0,0.0,0.9578,0.9589,-0.0010999999999999899
color_textbook_zhonggaokao_小学_13.人教新起点英语（4-5年级）_人教新起点五年级英语上册_课本_人教新起点英语5A电子课本_page_010,single_column,colorful_textbook,english,"table_omission_line, table_horizontal, table_span",75.36,75.51,-0.15000000000000568,0.2464,0.2449,0.0015000000000000013,0.2464,0.2449,0.0015000000000000013,,,,,,,,,,0.0,0.0,0.0,0.75,0.6667,0.08330000000000004,0.6681,0.7021,-0.03399999999999992
color_textbook_zhonggaokao_小学_13.人教新起点英语（4-5年级）_人教新起点五年级英语上册_课本_人教新起点英语5A电子课本_page_055,other_layout,colorful_textbook,english,,100.0,96.15,3.8499999999999943,0.0,0.0385,-0.0385,0.0,0.0385,-0.0385,,,,,,,,,,0.0,0.0,0.0,1.0,1.0,0.0,0.916,0.9244,-0.008399999999999963
color_textbook_zhonggaokao_小学_13.人教新起点英语（4-5年级）_人教新起点五年级英语上册_课本_人教新起点英语5A电子课本_page_056,other_layout,colorful_textbook,english,"table_full_line, table_horizontal",75.0,64.13,10.870000000000005,0.0957,0.3087,-0.21299999999999997,0.0961,6.3657,-6.2696000000000005,,,,0.5957,0.5913,0.0043999999999999595,0.6,0.6,0.0,0.0444,0.0222,0.0222,0.7097,0.7742,-0.0645,0.7813,0.6465,0.13480000000000003
color_textbook_zhonggaokao_小学_13.人教新起点英语（4-5年级）_人教新起点五年级英语下册_课本_人教新起点英语5B电子课本_page_034,other_layout,colorful_textbook,english,,98.04,96.08,1.960000000000008,0.0196,0.0392,-0.0196,0.0196,0.0392,-0.0196,,,,,,,,,,0.0,0.0,0.0,0.625,0.5882,0.036800000000000055,0.7455,0.5692,0.1763
color_textbook_zhonggaokao_小学_13.人教新起点英语（4-5年级）_人教新起点四年级英语上册_课本_人教新起点英语4A电子课本_page_044,single_column,colorful_textbook,english,,43.05,71.21,-28.159999999999997,0.5695,0.2879,0.2816,0.6049,0.2879,0.317,,,,,,,,,,0.2143,0.0,0.2143,0.9091,0.9091,0.0,0.2054,0.7732,-0.5678
color_textbook_zhonggaokao_小学_13.人教新起点英语（4-5年级）_人教新起点四年级英语下册_课本_人教新起点英语4B电子课本_page_087,1andmore_column,colorful_textbook,en_ch_mixed,,55.15,56.68,-1.5300000000000011,0.4485,0.4332,0.015300000000000036,0.4486,0.4332,0.015400000000000025,,,,,,,,,,0.0,0.0,0.0,1.0,1.0,0.0,0.8983,0.9194,-0.021100000000000008
color_textbook_zhonggaokao_小学_KET听说读写逐项突破_KET听说读写逐项突破之轻松搞定KET口语25分【10 褚连一】_第02讲第二课口语部分Part1详解_第二课口语部分Part1详解_page_002,other_layout,colorful_textbook,english,,57.76,56.85,0.9099999999999966,0.4224,0.4315,-0.009099999999999997,0.4772,0.467,0.010199999999999987,,,,,,,,,,0.1667,0.0953,0.07139999999999999,0.7143,0.8889,-0.17459999999999998,0.5364,0.5207,0.015699999999999936
color_textbook_zhonggaokao_小学_KET听说读写逐项突破_KET听说读写逐项突破之轻松搞定KET口语25分【10 褚连一】_第09讲第九课口语部分Part2模拟三_第九课口语部分Part2模拟三_page_001,other_layout,colorful_textbook,en_ch_mixed,,45.01,44.94,0.07000000000000028,0.5499,0.5506,-0.0006999999999999229,0.5499,0.5506,-0.0006999999999999229,,,,,,,,,,0.0,0.0,0.0,0.3902,0.381,0.009199999999999986,0.3512,0.332,0.019199999999999995
color_textbook_教材全解1+1二年级上册英语上海牛津版_page_067,other_layout,colorful_textbook,en_ch_mixed,"table_full_line, table_with_img, table_horizontal",87.08,89.97,-2.8900000000000006,0.1292,0.1003,0.02890000000000001,0.1294,0.1003,0.029099999999999987,,,,,,,,,,0.0439,0.0329,0.011000000000000003,0.6667,0.5882,0.07850000000000001,0.8017,0.7988,0.0029000000000000137
docstructbench_dianzishu_zhongwenzaixian-o.O-60403612.pdf_179,single_column,book,simplified_chinese,"table_horizontal, table_omission_line, table_span, table_with_formula",93.31,93.29,0.01999999999999602,0.0,0.0,0.0,0.0,0.0,0.0,,,,0.8662,0.8658,0.00039999999999995595,0.9936,0.9936,0.0,0.0,0.0,0.0,0.8,0.8,0.0,0.8621,0.8682,-0.006099999999999994
docstructbench_dianzishu_zhongwenzaixian-o.O-60832903.pdf_88,single_column,magazine,english,,100.0,99.92,0.0799999999999983,0.0,0.0008,-0.0008,0.0,0.0008,-0.0008,,,,,,,,,,0.0,0.0,0.0,1.0,1.0,0.0,0.9483,0.9415,0.006800000000000028
docstructbench_dianzishu_zhongwenzaixian-o.O-61513005.pdf_179,other_layout,magazine,simplified_chinese,,95.66,100.0,-4.340000000000003,0.0434,0.0,0.0434,0.0452,0.0,0.0452,,,,,,,,,,0.0,0.2,-0.2,1.0,0.8,0.19999999999999996,0.9765,0.7378,0.23870000000000002
docstructbench_dianzishu_zhongwenzaixian-o.O-61518266.pdf_149,single_column,book,simplified_chinese,"table_full_line, table_horizontal, table_span",83.38,90.56,-7.180000000000007,0.243,0.0995,0.1435,0.243,0.0995,0.1435,,,,0.9106,0.9106,0.0,1.0,1.0,0.0,0.0,0.0,0.0,1.0,1.0,0.0,0.8313,0.8695,-0.03820000000000001
docstructbench_dianzishu_zhongwenzaixian-o.O-61520779.pdf_76,single_column,book,simplified_chinese,"table_full_line, table_horizontal, table_span",99.91,99.56,0.3499999999999943,0.0,0.0,0.0,0.0,0.0,0.0,,,,0.9982,0.9913,0.006900000000000017,1.0,1.0,0.0,0.0,0.0,0.0,1.0,1.0,0.0,0.8674,0.871,-0.0036000000000000476
docstructbench_dianzishu_zhongwenzaixian-o.O-61520814.pdf_185,other_layout,magazine,simplified_chinese,"table_omission_line, table_horizontal, table_span, table_with_formula",80.33,80.66,-0.3299999999999983,0.3594,0.3527,0.006699999999999984,0.4281,0.4152,0.012899999999999967,,,,0.9659,0.9659,0.0,1.0,1.0,0.0,0.0,0.0,0.0,0.9091,0.9091,0.0,0.8288,0.8293,-0.000500000000000056
docstructbench_dianzishu_zhongwenzaixian-o.O-61521185.pdf_167,other_layout,magazine,simplified_chinese,colorful_backgroud,95.44,94.02,1.4200000000000017,0.0456,0.0598,-0.014199999999999997,0.0458,0.0598,-0.013999999999999999,,,,,,,,,,0.25,0.1667,0.08330000000000001,0.6667,0.7273,-0.06059999999999999,0.8071,0.8034,0.0037000000000000366
docstructbench_dianzishu_zhongwenzaixian-o.O-61522126.pdf_206,single_column,book,simplified_chinese,"table_horizontal, table_omission_line, table_span",92.71,92.38,0.3299999999999983,0.1314,0.1212,0.010199999999999987,0.1314,0.1212,0.010199999999999987,,,,0.9856,0.9688,0.016800000000000037,1.0,1.0,0.0,0.0,0.0,0.0,0.9412,0.9412,0.0,0.7938,0.8075,-0.013700000000000045
docstructbench_dianzishu_zhongwenzaixian-o.O-61522235.pdf_170,single_column,book,simplified_chinese,"table_horizontal, table_omission_line, table_span",91.48,94.44,-2.9599999999999937,0.1366,0.071,0.0656,0.1367,0.071,0.0657,,,,0.9662,0.9597,0.00649999999999995,1.0,1.0,0.0,0.0444,0.0,0.0444,0.8571,0.9524,-0.09530000000000005,0.8481,0.8466,0.0014999999999999458
docstructbench_dianzishu_zhongwenzaixian-o.O-63678132.pdf_161,1andmore_column,book,simplified_chinese,,59.87,60.42,-0.5500000000000043,0.4013,0.3958,0.005500000000000005,0.4985,0.4737,0.02479999999999999,,,,,,,,,,0.0,0.0,0.0,1.0,1.0,0.0,0.9353,0.9608,-0.025499999999999967
docstructbench_dianzishu_zhongwenzaixian-o.O-63684502.pdf_263,single_column,book,simplified_chinese,"table_horizontal, table_omission_line",95.19,92.52,2.6700000000000017,0.0798,0.1217,-0.04190000000000001,0.0798,0.1217,-0.04190000000000001,,,,0.9837,0.972,0.011700000000000044,1.0,1.0,0.0,0.0,0.0,0.0,1.0,1.0,0.0,0.929,0.9302,-0.0011999999999999789
docstructbench_dianzishu_zhongwenzaixian-o.O-63685611.pdf_222,double_column,book,simplified_chinese,,75.7,80.98,-5.280000000000001,0.243,0.1902,0.052799999999999986,0.2727,0.2081,0.06459999999999999,,,,,,,,,,0.0,0.0,0.0,0.9333,0.9333,0.0,0.9563,0.9543,0.0020000000000000018
docstructbench_dianzishu_zhongwenzaixian-o.O-63686436.pdf_57,1andmore_column,magazine,simplified_chinese,,91.22,91.97,-0.75,0.0878,0.0803,0.007500000000000007,0.1061,0.0984,0.0076999999999999985,,,,,,,,,,0.0,0.0086,-0.0086,0.9565,0.913,0.04349999999999998,0.8411,0.8311,0.010000000000000009
docstructbench_dianzishu_zhongwenzaixian-o.O-63687685.pdf_106,other_layout,magazine,simplified_chinese,,93.43,95.34,-1.9099999999999966,0.0657,0.0466,0.019099999999999992,0.0662,0.0466,0.019599999999999992,,,,,,,,,,0.0555,0.0555,0.0,0.8421,0.8421,0.0,0.8543,0.8937,-0.0394000000000001
docstructbench_dianzishu_zhongwenzaixian-o.O-63688043.pdf_110,single_column,book,simplified_chinese,"table_fewer_line, table_horizontal",79.78,79.36,0.4200000000000017,0.0697,0.0593,0.0104,0.07,0.0593,0.010700000000000008,,,,0.6653,0.6465,0.01880000000000004,0.8966,0.6897,0.20689999999999997,0.0,0.0,0.0,1.0,1.0,0.0,0.91,0.9403,-0.030299999999999994
docstructbench_dianzishu_zhongwenzaixian-o.O-63688445.pdf_489,single_column,book,simplified_chinese,"table_full_line, table_horizontal, table_span",85.75,88.32,-2.569999999999993,0.1425,0.1168,0.025699999999999987,0.1425,0.1168,0.025699999999999987,,,,,,,,,,0.0,0.0,0.0,0.8462,0.8462,0.0,0.9111,0.9278,-0.016699999999999937
docstructbench_enbook-zlib-o.O-17208435.pdf_105,three_column,book,english,,2.47,2.38,0.0900000000000003,0.9753,0.9762,-0.0009000000000000119,0.9753,0.9762,-0.0009000000000000119,,,,,,,,,,,,,0.0321,0.0317,0.0003999999999999976,0.0142,0.0218,-0.007599999999999999
docstructbench_llm-raw-scihub-o.O-ana.20363.pdf_5,double_column,academic_literature,english,,99.09,99.08,0.010000000000005116,0.0091,0.0092,-9.99999999999994e-05,0.0092,0.0092,0.0,,,,,,,,,,0.0,0.0,0.0,1.0,1.0,0.0,0.9572,0.9573,-9.999999999998899e-05
docstructbench_llm-raw-scihub-o.O-chem.200700285.pdf_4,1andmore_column,academic_literature,english,"table_fewer_line, table_with_formula, table_horizontal",87.58,86.0,1.5799999999999983,0.009,0.009,0.0,0.009,0.009,0.0,,,,0.7606,0.7289,0.03170000000000006,0.95,0.95,0.0,0.0555,0.0555,0.0,0.8421,0.8421,0.0,0.8869,0.9035,-0.016599999999999948
docstructbench_llm-raw-scihub-o.O-dvdy.10165.pdf_7,double_column,academic_literature,english,,98.77,99.05,-0.28000000000000114,0.0123,0.0095,0.0028000000000000004,0.0123,0.0096,0.002700000000000001,,,,,,,,,,0.0,0.0,0.0,1.0,1.0,0.0,0.9086,0.9086,0.0
docstructbench_llm-raw-scihub-o.O-hup.908.pdf_5,double_column,academic_literature,english,"table_fewer_line, table_horizontal",97.91,78.41,19.5,0.0128,0.0159,-0.0031000000000000003,0.013,0.0162,-0.0031999999999999997,,,,0.9711,0.584,0.3871,1.0,0.68,0.31999999999999995,0.0,0.0,0.0,1.0,1.0,0.0,0.8977,0.9024,-0.0046999999999999265
docstructbench_llm-raw-scihub-o.O-hyp.1040.pdf_9,single_column,academic_literature,english,,66.63,48.98,17.65,0.3337,0.5102,-0.1765,0.3337,0.7037,-0.37,,,,,,,,,,0.0,0.0,0.0,0.8889,0.8889,0.0,0.9267,0.9368,-0.010099999999999998
docstructbench_llm-raw-scihub-o.O-ijc.22820.pdf_4,double_column,academic_literature,english,,97.92,97.86,0.060000000000002274,0.0208,0.0214,-0.0005999999999999998,0.0208,0.0214,-0.0005999999999999998,,,,,,,,,,0.0,0.0,0.0,1.0,0.8333,0.16669999999999996,0.8728,0.8691,0.0037000000000000366
docstructbench_llm-raw-scihub-o.O-j.1365-2818.2000.00739.x.pdf_4,other_layout,academic_literature,english,,76.28,92.55,-16.269999999999996,0.2372,0.0745,0.1627,0.2372,0.0745,0.1627,,,,,,,,,,0.0,0.0,0.0,1.0,1.0,0.0,0.9566,0.9605,-0.0039000000000000146
docstructbench_llm-raw-scihub-o.O-j.apcata.2004.01.008.pdf_6,double_column,academic_literature,english,,97.7,97.78,-0.0799999999999983,0.023,0.0222,0.0007999999999999986,0.0242,0.0234,0.0007999999999999986,,,,,,,,,,0.0,0.0,0.0,1.0,1.0,0.0,0.8641,0.8823,-0.018199999999999994
docstructbench_llm-raw-scihub-o.O-j.apcata.2006.05.010.pdf_2,double_column,academic_literature,english,,77.52,77.71,-0.18999999999999773,0.2248,0.2229,0.0019000000000000128,0.4736,0.4707,0.0029000000000000137,,,,,,,,,,0.0,0.0,0.0,1.0,1.0,0.0,0.9385,0.9448,-0.006299999999999972
docstructbench_llm-raw-scihub-o.O-j.msec.2003.09.055.pdf_1,1andmore_column,academic_literature,english,,83.17,88.42,-5.25,0.1683,0.1158,0.052500000000000005,0.4167,0.3494,0.06730000000000003,,,,,,,,,,0.0,0.0,0.0,0.8276,0.8276,0.0,0.8306,0.8444,-0.013800000000000034
docstructbench_llm-raw-scihub-o.O-j.msec.2005.01.019.pdf_4,double_column,academic_literature,english,,98.33,98.35,-0.01999999999999602,0.0167,0.0165,0.0001999999999999988,0.0167,0.0165,0.0001999999999999988,,,,,,,,,,0.0444,0.0,0.0444,0.88,0.8462,0.03380000000000005,0.7104,0.8941,-0.18369999999999997
docstructbench_llm-raw-scihub-o.O-s00128-009-9752-2.pdf_5,double_column,academic_literature,english,,98.37,98.58,-0.20999999999999375,0.0163,0.0142,0.0020999999999999977,0.0164,0.0143,0.002100000000000001,,,,,,,,,,0.0,0.0,0.0,1.0,1.0,0.0,0.95,0.963,-0.013000000000000012
docstructbench_llm-raw-scihub-o.O-s00348-005-0004-x.pdf_3,double_column,academic_literature,english,,98.9,99.07,-0.1699999999999875,0.011,0.0093,0.0017000000000000001,0.011,0.0093,0.0017000000000000001,,,,,,,,,,0.0,0.0,0.0,0.9744,0.9744,0.0,0.8798,0.9043,-0.024499999999999966
docstructbench_llm-raw-scihub-o.O-s00374-003-0583-8.pdf_1,other_layout,academic_literature,english,,96.03,96.94,-0.9099999999999966,0.0397,0.0306,0.0091,0.0466,0.0375,0.009100000000000004,,,,,,,,,,0.0,0.0,0.0,0.8889,0.8889,0.0,0.8567,0.8676,-0.01090000000000002
docstructbench_llm-raw-scihub-o.O-s10653-010-9369-8.pdf_11,1andmore_column,academic_literature,english,"table_fewer_line, table_horizontal, table_with_formula, table_span",98.25,97.85,0.4000000000000057,0.021,0.027,-0.005999999999999998,0.0218,0.0289,-0.007099999999999999,,,,0.986,0.9841,0.0019000000000000128,1.0,1.0,0.0,0.0,0.0,0.0,1.0,1.0,0.0,0.9164,0.9196,-0.0031999999999999806
docstructbench_llm-raw-the-eye-o.O-1995_2418.pdf_1,three_column,academic_literature,english,"table_omission_line, table_horizontal",65.62,65.81,-0.18999999999999773,0.0404,0.0373,0.0030999999999999986,0.0405,0.0373,0.0032000000000000015,,,,0.3527,0.3536,-0.0009000000000000119,0.4545,0.4545,0.0,0.0,0.0,0.0,0.9787,0.9787,0.0,0.9352,0.935,0.00019999999999997797
docstructbench_llm-raw-the-eye-o.O-Attitudes_Towards_Rainwater_Harvesting_1999.pdf_5,single_column,academic_literature,english,,97.55,97.41,0.14000000000000057,0.0245,0.0259,-0.0013999999999999985,0.0288,0.0302,-0.001400000000000002,,,,,,,,,,0.0,0.0,0.0,0.9474,0.9474,0.0,0.8095,0.8421,-0.03259999999999996
docstructbench_llm-raw-the-eye-o.O-Screen%20Printing%20Booklet.pdf_8,other_layout,magazine,english,,96.4,96.52,-0.11999999999999034,0.036,0.0348,0.0011999999999999997,0.036,0.0348,0.0011999999999999997,,,,,,,,,,0.0,0.0,0.0,1.0,0.875,0.125,0.9186,0.9181,0.0004999999999999449
eastmoney_3ad44cb9fef0899c347e83dec4ce05b65deaa17bbe9324bde97c0916afc98e0a.pdf_2,single_column,research_report,simplified_chinese,"table_fewer_line, table_horizontal",100.0,100.0,0.0,0.0,0.0,0.0,0.0,0.0,0.0,,,,1.0,1.0,0.0,1.0,1.0,0.0,0.0,0.0,0.0,1.0,1.0,0.0,0.9226,0.9401,-0.01750000000000007
eastmoney_5c22c7d248262382ae63af18e9ef65bd26ffdf78c2f3af32137e0b4f92a0ba92.pdf_4,single_column,research_report,simplified_chinese,"table_horizontal, table_omission_line",75.88,75.42,0.45999999999999375,0.4748,0.4807,-0.005900000000000016,0.4748,0.4807,-0.005900000000000016,,,,0.9924,0.989,0.0033999999999999586,1.0,1.0,0.0,0.0,0.0,0.0,0.5882,0.5882,0.0,0.627,0.6333,-0.006299999999999972
eastmoney_6be3f3cd9e5361946ee49252f12dd57fe7c73df330116d6998e2198ec79a05c9.pdf_2,single_column,research_report,simplified_chinese,"table_full_line, table_horizontal, watermark",82.06,91.08,-9.019999999999996,0.2483,0.0815,0.1668,0.2483,0.0815,0.1668,,,,0.8894,0.9031,-0.013700000000000045,1.0,1.0,0.0,0.0,0.0,0.0,1.0,1.0,0.0,0.874,0.9007,-0.026699999999999946
eastmoney_6e1cdb75430fe7d7a7757754d163d1a4a8a1c2a3fca38b74a8a2e8df009f2ce0.pdf_2,single_column,research_report,simplified_chinese,"table_fewer_line, table_horizontal",98.29,99.93,-1.6400000000000006,0.0333,0.0,0.0333,0.0333,0.0,0.0333,,,,0.9991,0.9986,0.0004999999999999449,1.0,1.0,0.0,0.0,0.0953,-0.0953,1.0,0.8571,0.14290000000000003,0.9086,0.945,-0.03639999999999999
eastmoney_8b3e01e3cd92a034f45945887a5170602774a8480effda5bd791451578a93b7d.pdf_5,single_column,research_report,simplified_chinese,"table_fewer_line, table_horizontal, table_span",85.88,85.88,0.0,0.2794,0.2794,0.0,0.2794,0.2794,0.0,,,,0.9969,0.9969,0.0,1.0,1.0,0.0,0.0,0.0,0.0,0.4211,0.4211,0.0,0.7028,0.7146,-0.011800000000000033
eastmoney_bdbfdb8a6ab56be3ab1b40009ee648b6d250013ce653c146f2d2023bd8d14772.pdf_26,single_column,research_report,simplified_chinese,"table_fewer_line, table_horizontal, table_span",70.59,96.59,-26.0,0.4872,0.0013,0.4859,0.4872,0.0013,0.4859,,,,0.8991,0.9331,-0.03400000000000003,0.9302,0.9524,-0.022199999999999998,0.0,0.0,0.0,1.0,1.0,0.0,0.9018,0.932,-0.030200000000000005
eastmoney_bef4bcf5f2faff08a78d49945e4ac8983320f367c450720c87ab8cc6ed5726e4.pdf_1,single_column,research_report,simplified_chinese,"table_fewer_line, table_horizontal",91.97,92.19,-0.21999999999999886,0.1429,0.141,0.0019000000000000128,0.1429,0.141,0.0019000000000000128,,,,0.9822,0.9849,-0.0027000000000000357,1.0,1.0,0.0,0.0,0.0,0.0,1.0,1.0,0.0,0.8669,0.8896,-0.022699999999999942
eastmoney_d08a4020e49029cf68b5dbf69e5ecaa40e969f918819c62579e5f4b1a357422f.pdf_3,single_column,research_report,simplified_chinese,"table_fewer_line, table_horizontal, table_span",87.1,88.29,-1.190000000000012,0.2272,0.2272,0.0,0.2272,0.2272,0.0,,,,0.9693,0.993,-0.023699999999999943,1.0,1.0,0.0,0.0,0.0,0.0,0.6364,0.6364,0.0,0.5101,0.5312,-0.021100000000000008
eastmoney_d64a9204564ad81332a4dc3767365740a00228323d2862604d15cb15b318f3af.pdf_3,single_column,research_report,simplified_chinese,"table_horizontal, table_omission_line, table_span",80.46,84.23,-3.7700000000000102,0.3664,0.0718,0.2946,0.3664,0.0718,0.2946,,,,0.9756,0.7564,0.21920000000000006,1.0,0.7833,0.2167,0.0,0.0,0.0,0.7826,0.7826,0.0,0.6986,0.8189,-0.12029999999999996
eastmoney_ea59610b9b1a8f0df46f7a89da1116cbf256c772e1148f26017991e28c8bca21.pdf_18,single_column,research_report,simplified_chinese,"table_fewer_line, table_horizontal",95.8,73.16,22.64,0.0,0.0,0.0,0.0,0.0,0.0,,,,0.9159,0.4632,0.45270000000000005,0.9264,0.4637,0.4627,0.0,0.1667,-0.1667,1.0,0.75,0.25,0.9294,0.9126,0.016800000000000037
exam_paper_2016年安徽省中考英语试题（解析）_page_012,single_column,exam_paper,en_ch_mixed,"table_full_line, table_horizontal, table_with_img",95.47,89.03,6.439999999999998,0.0453,0.1097,-0.06440000000000001,0.0454,0.1098,-0.06439999999999999,,,,,,,,,,0.0,0.0,0.0,0.8571,0.7407,0.11639999999999995,0.824,0.8015,0.022499999999999964
exam_paper_2018年广西北海、钦州、南宁、来宾、崇左、防城港、北部湾经济区中考英语试题（空白卷）_page_001,single_column,exam_paper,en_ch_mixed,,76.02,76.49,-0.46999999999999886,0.2398,0.2351,0.00470000000000001,0.402,0.3883,0.013700000000000045,,,,,,,,,,0.0,0.0,0.0,0.7111,0.7391,-0.028000000000000025,0.5478,0.5415,0.006299999999999972
exam_paper_en-file-putnam-archive_1997_Solutions_1997s_page_001,1andmore_column,exam_paper,english,,78.42,78.09,0.3299999999999983,0.2706,0.2702,0.00040000000000001146,0.7812,0.8384,-0.05720000000000003,0.161,0.168,-0.007000000000000006,,,,,,,0.0,0.0,0.0,0.973,0.973,0.0,0.8792,0.878,0.0011999999999999789
exam_paper_en-file-putnam-archive_1999_Solutions_1999s_page_002,double_column,exam_paper,english,,81.41,81.35,0.060000000000002274,0.2495,0.2507,-0.0011999999999999789,0.4188,0.4206,-0.0017999999999999683,0.1223,0.1223,0.0,,,,,,,0.0,0.0,0.0,1.0,1.0,0.0,0.9292,0.9294,-0.00019999999999997797
exam_paper_en-file-putnam-archive_2000_Solutions_2000s_page_002,double_column,exam_paper,english,,76.22,78.3,-2.0799999999999983,0.307,0.2929,0.014100000000000001,0.5052,0.4777,0.02749999999999997,0.1687,0.1411,0.027599999999999986,,,,,,,0.0,0.0,0.0,0.9818,0.9818,0.0,0.9337,0.9331,0.0005999999999999339
exam_paper_en-file-putnam-archive_2001_Solutions_2001s_page_001,1andmore_column,exam_paper,english,,76.84,76.94,-0.09999999999999432,0.3078,0.303,0.0048000000000000265,0.5567,0.5116,0.04509999999999992,0.1554,0.1582,-0.002799999999999997,,,,,,,0.0,0.0,0.0,0.9583,0.9583,0.0,0.9273,0.928,-0.0007000000000000339
exam_paper_en-file-putnam-archive_2003_Solutions_2003s_page_008,double_column,exam_paper,english,,69.75,70.82,-1.0699999999999932,0.3181,0.3135,0.004599999999999993,0.5881,0.5717,0.01639999999999997,0.287,0.2701,0.01689999999999997,,,,,,,0.0329,0.025,0.007899999999999997,1.0,1.0,0.0,0.9469,0.9469,0.0
exam_paper_en-file-putnam-archive_2006_Problems_2006_page_001,1andmore_column,exam_paper,english,,78.88,78.95,-0.07000000000000739,0.2206,0.2192,0.0013999999999999846,0.3191,0.3183,0.0007999999999999674,0.2018,0.2018,0.0,,,,,,,0.0,0.0,0.0,0.9362,0.9362,0.0,0.9014,0.9011,0.00029999999999996696
exam_paper_en-file-putnam-archive_2008_Problems_2008_page_001,1andmore_column,exam_paper,english,,64.84,64.91,-0.06999999999999318,0.2263,0.2249,0.0014000000000000123,0.3206,0.3208,-0.00019999999999997797,0.477,0.477,0.0,,,,,,,0.0,0.0,0.0,0.9714,0.9714,0.0,0.9285,0.9286,-9.999999999998899e-05
exam_paper_en-file-putnam-archive_2009_Problems_2009_page_001,1andmore_column,exam_paper,english,,76.27,76.4,-0.13000000000000966,0.2075,0.2049,0.002599999999999991,0.3203,0.3186,0.0016999999999999793,0.2672,0.2672,0.0,,,,,,,0.0,0.0,0.0,0.9388,0.9388,0.0,0.9031,0.9021,0.0010000000000000009
exam_paper_en-file-putnam-archive_2009_Solutions_2009s_page_003,double_column,exam_paper,english,,78.02,78.05,-0.030000000000001137,0.3055,0.3049,0.0005999999999999894,0.4431,0.4432,-9.999999999998899e-05,0.1341,0.1341,0.0,,,,,,,0.0,0.0,0.0,0.9778,0.9778,0.0,0.937,0.9398,-0.0027999999999999137
exam_paper_en-file-putnam-archive_2010_Solutions_2010s_page_005,double_column,exam_paper,english,,72.04,70.97,1.0700000000000074,0.3574,0.3789,-0.02150000000000002,0.6832,0.7914,-0.10819999999999996,0.2018,0.2018,0.0,,,,,,,0.0,0.0,0.0,1.0,0.973,0.027000000000000024,0.9499,0.921,0.028899999999999926
exam_paper_en-file-putnam-archive_2011_Problems_2011_page_001,1andmore_column,exam_paper,english,,77.55,77.57,-0.01999999999999602,0.2449,0.2431,0.001799999999999996,0.4232,0.4237,-0.0005000000000000004,0.2042,0.2055,-0.0012999999999999956,,,,,,,0.0,0.0,0.0,0.9254,0.9254,0.0,0.8795,0.8776,0.0018999999999999018
exam_paper_en-file-putnam-archive_2012_Solutions_2012s_page_001,1andmore_column,exam_paper,english,,87.34,87.85,-0.5099999999999909,0.1676,0.1681,-0.0005000000000000004,0.2413,0.2428,-0.0015000000000000013,0.0857,0.0749,0.010800000000000004,,,,,,,0.0,0.0,0.0,0.9565,0.9565,0.0,0.9224,0.9224,0.0
exam_paper_en-file-putnam-archive_2016_Solutions_2016s_page_002,double_column,exam_paper,english,,79.33,79.3,0.030000000000001137,0.228,0.2285,-0.0005000000000000004,0.4656,0.4651,0.0005000000000000004,0.1854,0.1854,0.0,,,,,,,0.0,0.0,0.0,0.9756,0.9756,0.0,0.9027,0.9012,0.0014999999999999458
jiaocai_71434495.pdf_0,double_column,exam_paper,simplified_chinese,"table_full_line, table_horizontal",80.96,80.9,0.05999999999998806,0.2264,0.236,-0.009599999999999997,0.3256,0.3286,-0.0030000000000000027,0.0949,0.0869,0.007999999999999993,0.75,0.75,0.0,0.75,0.75,0.0,0.0074,0.0587,-0.0513,0.9474,0.9362,0.011199999999999988,0.7884,0.8186,-0.030200000000000005
jiaocai_P0-9.pdf_9,single_column,colorful_textbook,english,colorful_backgroud,71.59,71.55,0.04000000000000625,0.2841,0.2845,-0.00039999999999995595,0.2841,0.2845,-0.00039999999999995595,,,,,,,,,,0.0833,0.1111,-0.027800000000000005,0.5882,0.5882,0.0,0.6463,0.6418,0.0044999999999999485
jiaocai_jiaocai_en_117,single_column,exam_paper,simplified_chinese,watermark,78.22,65.92,12.299999999999997,0.2178,0.3408,-0.123,0.2178,0.3734,-0.15560000000000002,,,,,,,,,,0.0,0.0,0.0,0.8235,1.0,-0.1765,0.6255,0.7302,-0.10470000000000002
jiaocai_jiaocai_en_37,single_column,exam_paper,english,"table_fewer_line, table_with_formula, table_horizontal",61.14,77.88,-16.739999999999995,0.3886,0.2212,0.1674,0.8492,0.2402,0.609,,,,,,,,,,0.0,0.0,0.0,0.7692,0.6923,0.07689999999999997,0.6292,0.8046,-0.1754
jiaocai_jiaocai_en_91,single_column,exam_paper,english,"table_horizontal, table_full_line",89.0,89.07,-0.06999999999999318,0.22,0.2186,0.0014000000000000123,0.2201,0.2186,0.0015000000000000013,,,,1.0,1.0,0.0,1.0,1.0,0.0,0.0,0.0,0.0,0.5405,0.5263,0.01419999999999999,0.7109,0.7332,-0.022299999999999986
jiaocaineedrop_2005_QP.pdf_5,single_column,exam_paper,english,"fuzzy_scan, table_full_line, table_with_formula, table_horizontal",97.13,96.84,0.28999999999999204,0.0412,0.0412,0.0,0.0412,0.0412,0.0,,,,0.9838,0.9781,0.005700000000000038,1.0,1.0,0.0,0.0,0.0,0.0,1.0,1.0,0.0,0.9375,0.9458,-0.008299999999999974
jiaocaineedrop_38247658.pdf_0,double_column,exam_paper,simplified_chinese,"table_full_line, table_horizontal",57.51,56.84,0.6699999999999946,0.3518,0.4562,-0.10439999999999999,0.4469,0.6375,-0.19059999999999994,0.6729,0.5887,0.08420000000000005,0.75,0.75,0.0,0.75,0.75,0.0,0.0044,0.0,0.0044,0.8846,0.9412,-0.056599999999999984,0.7866,0.7324,0.054199999999999915
jiaocaineedrop_42351289.pdf_1,double_column,exam_paper,simplified_chinese,"table_full_line, table_horizontal",76.08,76.96,-0.8799999999999955,0.3793,0.3529,0.026400000000000035,0.4288,0.4127,0.016100000000000003,0.0882,0.0882,0.0,0.75,0.75,0.0,0.75,0.75,0.0,0.0,0.0021,-0.0021,0.9706,0.9697,0.0009000000000000119,0.8167,0.8287,-0.01200000000000001
jiaocaineedrop_55196913.pdf_0,double_column,exam_paper,simplified_chinese,"table_full_line, table_horizontal",64.37,68.47,-4.099999999999994,0.4626,0.3807,0.08190000000000003,0.4892,0.417,0.07220000000000004,,,,0.75,0.75,0.0,0.75,0.75,0.0,0.0,0.0,0.0,0.7308,0.7451,-0.01429999999999998,0.6396,0.6437,-0.0041000000000001036
jiaocaineedrop_624b60c58c9d8bfb6ff1886c2fd605d2adeb6ea4da576068201b6c6958ce93f4.pdf_8,other_layout,magazine,english,,97.16,97.58,-0.4200000000000017,0.0284,0.0242,0.004200000000000002,0.0295,0.0246,0.004899999999999998,,,,,,,,,,0.0833,0.0,0.0833,0.8889,1.0,-0.11109999999999998,0.8903,0.9044,-0.014100000000000001
jiaocaineedrop_bio-113065.pdf_213,double_column,book,english,,86.29,86.34,-0.04999999999999716,0.1371,0.1366,0.0005000000000000004,0.1435,0.143,0.0005000000000000004,,,,,,,,,,0.0,0.0,0.0,1.0,1.0,0.0,0.9414,0.9361,0.005299999999999971
jiaocaineedrop_c04_874768_mt.pdf_6,other_layout,colorful_textbook,english,colorful_backgroud,86.37,86.42,-0.04999999999999716,0.1363,0.1358,0.0005000000000000004,0.1363,0.1358,0.0005000000000000004,,,,,,,,,,0.0,0.0,0.0,0.766,0.766,0.0,0.7821,0.7806,0.0015000000000000568
jiaocaineedrop_ced6f3c05e1dfefa8455fa60aacdd2d76ffd79489b631c2dbde22a74e927544b.pdf_84,single_column,colorful_textbook,english,"table_horizontal, table_full_line, colorful_backgroud",33.74,29.46,4.280000000000001,,,,,,,,,,0.3374,0.2946,0.042800000000000005,0.4,0.3529,0.04710000000000003,,,,1.0,1.0,0.0,0.9863,0.9851,0.0011999999999999789
jiaocaineedrop_chem-441760.pdf_165,single_column,colorful_textbook,english,,98.07,97.39,0.6799999999999926,0.0193,0.0261,-0.0068000000000000005,0.0193,0.0261,-0.0068000000000000005,,,,,,,,,,0.0,0.0,0.0,0.0556,0.0556,0.0,0.5603,0.5603,0.0
jiaocaineedrop_jiaocai_needrop_en_108,single_column,colorful_textbook,simplified_chinese,"colorful_backgroud, fuzzy_scan",77.88,79.46,-1.5799999999999983,0.2212,0.2054,0.01580000000000001,0.2313,0.2185,0.012800000000000006,,,,,,,,,,0.0,0.0,0.0,0.7778,0.7778,0.0,0.7682,0.773,-0.0048000000000000265
jiaocaineedrop_jiaocai_needrop_en_1118,single_column,colorful_textbook,en_ch_mixed,"table_full_line, table_horizontal, colorful_backgroud",93.23,91.34,1.8900000000000006,0.0,0.0,0.0,0.0,0.0,0.0,,,,0.8647,0.8268,0.037900000000000045,1.0,1.0,0.0,0.0,0.0,0.0,1.0,1.0,0.0,0.9257,0.9279,-0.0021999999999999797
jiaocaineedrop_jiaocai_needrop_en_1141,single_column,exam_paper,simplified_chinese,"table_full_line, table_horizontal, fuzzy_scan",80.95,80.98,-0.030000000000001137,0.3548,0.3541,0.0006999999999999784,0.9862,0.9809,0.005299999999999971,,,,0.9738,0.9738,0.0,1.0,1.0,0.0,0.0833,0.0833,0.0,0.8696,0.8696,0.0,0.6941,0.7131,-0.018999999999999906
jiaocaineedrop_jiaocai_needrop_en_1344,single_column,colorful_textbook,simplified_chinese,colorful_backgroud,89.88,92.15,-2.2700000000000102,0.1012,0.0785,0.022699999999999998,0.1012,0.0785,0.022699999999999998,,,,,,,,,,0.0,0.0,0.0,0.75,0.75,0.0,0.8979,0.8808,0.017100000000000004
jiaocaineedrop_jiaocai_needrop_en_1449,1andmore_column,colorful_textbook,en_ch_mixed,watermark,80.41,81.18,-0.7700000000000102,0.1959,0.1882,0.007699999999999985,0.197,0.1882,0.008800000000000002,,,,,,,,,,0.0,0.0,0.0,0.8889,0.8889,0.0,0.9383,0.94,-0.0016999999999999238
jiaocaineedrop_jiaocai_needrop_en_1478,single_column,exam_paper,en_ch_mixed,"watermark, table_full_line, table_horizontal",38.45,37.4,1.0500000000000043,0.4184,0.4395,-0.021100000000000008,0.4184,0.4395,-0.021100000000000008,,,,0.1875,0.1875,0.0,0.1875,0.1875,0.0,0.0,0.0,0.0,0.6667,0.6667,0.0,0.6503,0.6619,-0.011600000000000055
jiaocaineedrop_jiaocai_needrop_en_1496,double_column,colorful_textbook,simplified_chinese,colorful_backgroud,78.12,77.59,0.5300000000000011,0.3175,0.3205,-0.0030000000000000027,0.563,0.5666,-0.0036000000000000476,0.12,0.1277,-0.007700000000000012,,,,,,,0.0,0.0,0.0,0.8889,0.8889,0.0,0.7097,0.6995,0.010199999999999987
jiaocaineedrop_jiaocai_needrop_en_155,double_column,exam_paper,simplified_chinese,watermark,81.78,83.27,-1.4899999999999949,0.1822,0.1673,0.014899999999999997,0.2076,0.1883,0.01930000000000001,,,,,,,,,,0.0,0.0,0.0,0.9677,0.9677,0.0,0.9189,0.9145,0.0044000000000000705
jiaocaineedrop_jiaocai_needrop_en_1608,double_column,colorful_textbook,simplified_chinese,colorful_backgroud,84.54,86.1,-1.559999999999988,0.1546,0.139,0.015599999999999975,0.1744,0.1564,0.017999999999999988,,,,,,,,,,0.0,0.0,0.0,0.9643,0.9643,0.0,0.9121,0.9146,-0.0024999999999999467
jiaocaineedrop_jiaocai_needrop_en_1812,other_layout,magazine,simplified_chinese,colorful_backgroud,64.61,75.82,-11.209999999999994,0.3539,0.2418,0.1121,0.3539,0.2418,0.1121,,,,,,,,,,0.0833,0.0555,0.0278,0.8889,0.8889,0.0,0.8364,0.9596,-0.12319999999999998
jiaocaineedrop_jiaocai_needrop_en_194,single_column,exam_paper,en_ch_mixed,"table_full_line, table_horizontal",59.31,55.3,4.010000000000005,0.2068,0.287,-0.08019999999999997,0.212,0.287,-0.07499999999999998,,,,0.3929,0.3929,0.0,0.6429,0.6429,0.0,0.0166,0.04,-0.0234,0.8667,0.8667,0.0,0.8211,0.7355,0.08560000000000001
jiaocaineedrop_jiaocai_needrop_en_1972,double_column,colorful_textbook,simplified_chinese,"watermark, colorful_backgroud",54.56,59.06,-4.5,0.4544,0.4094,0.04500000000000004,0.9041,0.5916,0.3125,,,,,,,,,,0.0,0.0,0.0,0.8772,0.7937,0.08350000000000002,0.6612,0.6718,-0.010599999999999943
jiaocaineedrop_jiaocai_needrop_en_2211,double_column,exam_paper,simplified_chinese,"watermark, table_full_line, table_horizontal, fuzzy_scan",53.34,54.32,-0.9799999999999969,0.3999,0.3705,0.02939999999999998,0.5883,0.5547,0.033600000000000074,1.0,1.0,0.0,1.0,1.0,0.0,1.0,1.0,0.0,0.0095,0.0014,0.0081,0.8298,0.8632,-0.033399999999999985,0.6175,0.7625,-0.1449999999999999
jiaocaineedrop_jiaocai_needrop_en_2234,single_column,colorful_textbook,simplified_chinese,"watermark, table_full_line, table_horizontal",81.0,75.92,5.079999999999998,0.2105,0.3158,-0.10530000000000003,0.2105,0.3158,-0.10530000000000003,,,,0.8305,0.8343,-0.0038000000000000256,1.0,1.0,0.0,0.0,0.0,0.0,1.0,1.0,0.0,0.908,0.9095,-0.0014999999999999458
jiaocaineedrop_jiaocai_needrop_en_2360,double_column,exam_paper,simplified_chinese,"table_horizontal, table_full_line, fuzzy_scan",89.08,88.7,0.37999999999999545,0.2184,0.226,-0.007599999999999996,0.2495,0.2555,-0.006000000000000005,,,,1.0,1.0,0.0,1.0,1.0,0.0,0.0,0.0,0.0,0.8261,0.8261,0.0,0.7852,0.8119,-0.026699999999999946
jiaocaineedrop_jiaocai_needrop_en_2399,single_column,colorful_textbook,simplified_chinese,"table_full_line, table_horizontal, table_span, table_with_formula, colorful_backgroud",88.97,95.26,-6.290000000000006,0.0,0.0,0.0,0.0,0.0,0.0,,,,0.7795,0.9052,-0.12570000000000003,0.9811,0.9811,0.0,0.0,0.0,0.0,0.8571,1.0,-0.14290000000000003,0.9193,0.843,0.07630000000000003
jiaocaineedrop_jiaocai_needrop_en_2444,1andmore_column,colorful_textbook,en_ch_mixed,colorful_backgroud,78.82,82.66,-3.8400000000000034,0.2118,0.1734,0.03839999999999999,0.2121,0.1735,0.03860000000000002,,,,,,,,,,0.0,0.0,0.0,0.7778,0.8077,-0.029899999999999927,0.694,0.7392,-0.04520000000000002
jiaocaineedrop_jiaocai_needrop_en_2540,other_layout,exam_paper,simplified_chinese,"table_full_line, table_horizontal",76.73,79.62,-2.8900000000000006,0.4654,0.4077,0.057699999999999974,0.6013,0.7638,-0.1625000000000001,,,,1.0,1.0,0.0,1.0,1.0,0.0,0.0,0.0,0.0,0.9167,0.9167,0.0,0.8543,0.6493,0.20499999999999996
jiaocaineedrop_jiaocai_needrop_en_2884,single_column,exam_paper,en_ch_mixed,"watermark, table_full_line, table_horizontal, table_span",85.93,85.93,0.0,0.2161,0.2161,0.0,0.2272,0.2272,0.0,,,,0.9347,0.9347,0.0,1.0,1.0,0.0,0.0,0.0,0.0,0.9524,0.9524,0.0,0.8671,0.8697,-0.0026000000000000467
jiaocaineedrop_jiaocai_needrop_en_3313,double_column,exam_paper,simplified_chinese,fuzzy_scan,84.55,81.43,3.1199999999999903,0.1545,0.1857,-0.031200000000000006,0.1876,0.2148,-0.027200000000000002,,,,,,,,,,0.0,0.0,0.0,0.8837,0.9302,-0.046499999999999986,0.877,0.8953,-0.018299999999999983
jiaocaineedrop_jiaocai_needrop_en_3399,single_column,exam_paper,en_ch_mixed,watermark,34.09,33.6,0.490000000000002,0.6591,0.664,-0.0049000000000000155,1.0866,1.0873,-0.0006999999999999229,,,,,,,,,,0.0,0.0,0.0,0.96,0.9231,0.03689999999999993,0.1949,0.195,-0.00010000000000001674
jiaocaineedrop_jiaocai_needrop_en_3428,double_column,colorful_textbook,simplified_chinese,,92.95,94.12,-1.1700000000000017,0.0705,0.0588,0.011699999999999995,0.0718,0.0588,0.013000000000000005,,,,,,,,,,0.0,0.0,0.0,1.0,1.0,0.0,0.9302,0.9224,0.007800000000000029
jiaocaineedrop_jiaocai_needrop_en_377,other_layout,exam_paper,simplified_chinese,,79.43,76.13,3.3000000000000114,0.2057,0.2387,-0.033,0.2305,0.2977,-0.06720000000000001,,,,,,,,,,0.0825,0.0825,0.0,0.7869,0.8099,-0.02299999999999991,0.7725,0.7663,0.006199999999999983
jiaocaineedrop_jiaocai_needrop_en_383,1andmore_column,colorful_textbook,simplified_chinese,"table_horizontal, table_with_formula, table_full_line, colorful_backgroud",84.94,81.52,3.4200000000000017,0.228,0.2897,-0.061700000000000005,0.2288,0.2903,-0.0615,,,,0.9269,0.9202,0.006699999999999928,1.0,1.0,0.0,0.0034,0.0,0.0034,0.775,0.8,-0.025000000000000022,0.729,0.7693,-0.0403
jiaocaineedrop_jiaocai_needrop_en_4065,double_column,exam_paper,simplified_chinese,"table_full_line, table_horizontal",79.21,79.62,-0.4100000000000108,0.4028,0.3945,0.008299999999999974,0.4079,0.3991,0.008799999999999975,,,,0.987,0.987,0.0,1.0,1.0,0.0,0.0,0.0,0.0,0.6939,0.6939,0.0,0.6497,0.6777,-0.027999999999999914
jiaocaineedrop_jiaocai_needrop_en_472,other_layout,colorful_textbook,simplified_chinese,colorful_backgroud,93.86,82.05,11.810000000000002,0.0614,0.1795,-0.11809999999999998,0.0622,0.2321,-0.1699,,,,,,,,,,0.0476,0.0476,0.0,0.7778,0.8,-0.022199999999999998,0.7777,0.567,0.2107
jiaocaineedrop_jiaocai_needrop_en_574,1andmore_column,exam_paper,simplified_chinese,"table_full_line, table_horizontal",87.61,90.53,-2.9200000000000017,0.1318,0.123,0.008800000000000002,0.1334,0.1245,0.008899999999999991,,,,0.8841,0.9336,-0.04949999999999999,1.0,1.0,0.0,0.0,0.0,0.0,1.0,1.0,0.0,0.8959,0.9467,-0.050799999999999956
jiaocaineedrop_jiaocai_needrop_en_664,other_layout,exam_paper,simplified_chinese,,25.94,53.56,-27.62,0.7406,0.4644,0.27620000000000006,15.4315,0.6469,14.7846,,,,,,,,,,0.3,0.0,0.3,0.8333,1.0,-0.16669999999999996,0.3863,0.7805,-0.3942
jiaocaineedrop_jiaocai_needrop_en_678,other_layout,magazine,simplified_chinese,,81.27,67.64,13.629999999999995,0.1873,0.3236,-0.1363,0.1873,0.3903,-0.20299999999999999,,,,,,,,,,0.4364,0.1334,0.30300000000000005,0.6154,0.8,-0.1846000000000001,0.8021,0.6532,0.14890000000000003
jiaocaineedrop_jiaocai_needrop_en_769,three_column,exam_paper,en_ch_mixed,watermark,71.5,65.09,6.409999999999997,0.285,0.3491,-0.06410000000000005,0.9881,1.3258,-0.3377000000000001,,,,,,,,,,0.0366,0.0092,0.0274,0.7529,0.7529,0.0,0.4823,0.5784,-0.09610000000000002
jiaocaineedrop_jiaocai_needrop_en_85,single_column,exam_paper,simplified_chinese,"table_full_line, table_horizontal, table_with_img, watermark, fuzzy_scan",100.0,100.0,0.0,0.0,0.0,0.0,0.0,0.0,0.0,,,,,,,,,,,,,1.0,1.0,0.0,0.842,0.9181,-0.07610000000000006
jiaocaineedrop_jiaocai_needrop_en_909,single_column,colorful_textbook,simplified_chinese,"table_horizontal, table_with_img, table_full_line",80.0,80.0,0.0,0.2,0.2,0.0,0.2,0.2,0.0,,,,,,,,,,,,,1.0,1.0,0.0,0.9262,0.8972,0.029000000000000026
jiaocaineedrop_jiaocai_needrop_en_918,single_column,colorful_textbook,simplified_chinese,colorful_backgroud,88.49,87.63,0.8599999999999994,0.1151,0.1237,-0.00860000000000001,0.1151,0.1237,-0.00860000000000001,,,,,,,,,,0.0,0.0,0.0,0.9714,0.9714,0.0,0.8436,0.8811,-0.03749999999999998
jiaocaineedrop_jiaocai_needrop_en_961,other_layout,colorful_textbook,english,colorful_backgroud,65.01,61.88,3.1300000000000026,0.3499,0.3812,-0.031299999999999994,0.3499,0.3812,-0.031299999999999994,,,,,,,,,,0.0666,0.0,0.0666,0.6667,0.72,-0.053300000000000014,0.7652,0.7808,-0.015600000000000058
jiaocaineedrop_socialsci-74973.pdf_31,other_layout,book,english,"table_horizontal, table_fewer_line",78.23,91.2,-12.969999999999999,0.2681,0.009,0.2591,0.2683,0.0093,0.259,,,,0.8328,0.833,-0.00019999999999997797,0.8333,0.8333,0.0,0.0,0.0,0.0,0.9677,0.9677,0.0,0.9297,0.9264,0.0032999999999999696
magazine_TheEconomist.2023.12.02_page_028,other_layout,magazine,english,"table_fewer_line, table_horizontal, table_span",79.58,81.62,-2.0400000000000063,0.2042,0.1838,0.0204,0.2045,0.1841,0.020399999999999974,,,,,,,,,,0.2222,0.0,0.2222,0.6897,0.8276,-0.13790000000000002,0.8495,0.8609,-0.011399999999999966
magazine_TheEconomist.2023.12.02_page_056,other_layout,magazine,english,,44.11,82.74,-38.629999999999995,0.5589,0.1726,0.3863,1.2278,0.2043,1.0235,,,,,,,,,,0.2222,0.0523,0.1699,0.8571,0.8571,0.0,0.2705,0.8978,-0.6273
magazine_TheEconomist.2023.12.09_page_015,other_layout,magazine,english,,81.09,82.16,-1.0699999999999932,0.1891,0.1784,0.010699999999999987,0.3289,0.3114,0.017500000000000016,,,,,,,,,,0.0,0.0,0.0,0.8,0.7692,0.03080000000000005,0.6464,0.6402,0.006199999999999983
magazine_TheEconomist.2023.12.16_page_037,other_layout,magazine,english,"table_fewer_line, table_horizontal",76.15,76.18,-0.030000000000001137,0.2385,0.2382,0.0002999999999999947,0.4927,0.4923,0.00040000000000001146,,,,,,,,,,0.0,0.0,0.0,0.9286,0.9286,0.0,0.7793,0.7893,-0.010000000000000009
magazine_TheEconomist.2023.12.23_page_052,1andmore_column,magazine,english,,94.63,96.16,-1.5300000000000011,0.0537,0.0384,0.015300000000000001,0.0537,0.0384,0.015300000000000001,,,,,,,,,,0.0,0.0,0.0,0.9333,0.9333,0.0,0.9474,0.9697,-0.022299999999999986
magazine_TheEconomist.2023.12.23_page_060,other_layout,magazine,english,,69.06,68.97,0.09000000000000341,0.3094,0.3103,-0.0009000000000000119,0.3849,0.4012,-0.01629999999999998,,,,,,,,,,0.1084,0.0584,0.049999999999999996,0.9,0.95,-0.04999999999999993,0.901,0.9528,-0.05179999999999996
magazine_TheEconomist.2024.02.24_page_068,three_column,magazine,english,,91.48,92.78,-1.2999999999999972,0.0852,0.0722,0.012999999999999998,0.0915,0.0783,0.013200000000000003,,,,,,,,,,0.0692,0.0,0.0692,0.9565,1.0,-0.04349999999999998,0.9458,0.9492,-0.0034000000000000696
magazine_TheEconomist.2024.03.02_page_032,other_layout,magazine,english,,95.09,94.47,0.6200000000000045,0.0491,0.0553,-0.006200000000000004,0.0491,0.0553,-0.006200000000000004,,,,,,,,,,0.0292,0.0,0.0292,0.8571,0.9268,-0.06969999999999998,0.8931,0.9216,-0.02849999999999997
newspaper_06b975dbc47dc2dc2a3a1468293f6a2c_1,other_layout,newspaper,simplified_chinese,,38.87,71.48,-32.61000000000001,0.6113,0.2852,0.32609999999999995,2.0769,0.9193,1.1576000000000002,,,,,,,,,,0.0956,0.0196,0.07600000000000001,0.8939,0.9008,-0.006900000000000017,0.4,0.8851,-0.4851
newspaper_0b86dae4d8f328a0e79d9ac394000dec_1,other_layout,newspaper,simplified_chinese,,37.99,79.95,-41.96,0.6201,0.2005,0.4196,1.2643,0.4567,0.8076,,,,,,,,,,0.1845,0.0061,0.1784,0.8506,0.9195,-0.06889999999999996,0.3173,0.8718,-0.5545
newspaper_0ce88e1e131aef7a59d0533be36870de_1,other_layout,newspaper,simplified_chinese,,51.23,67.5,-16.270000000000003,0.4877,0.325,0.1627,2.9351,1.0868,1.8482999999999998,,,,,,,,,,0.2039,0.0009,0.20299999999999999,0.864,0.944,-0.07999999999999996,0.4569,0.7602,-0.3033
newspaper_17f81b80831d8d58564b9c8e3cf79261_1,other_layout,newspaper,simplified_chinese,,57.42,79.3,-21.879999999999995,0.4258,0.207,0.21880000000000002,2.7258,0.4832,2.2426,,,,,,,,,,0.0697,0.0366,0.0331,0.8431,0.8073,0.03579999999999994,0.5396,0.74,-0.20040000000000002
newspaper_2a6b4fa088699701a6fa9ccecfb5c25d_13,three_column,newspaper,english,,98.38,98.84,-0.46000000000000796,0.0162,0.0116,0.0046,0.0162,0.0117,0.004499999999999999,,,,,,,,,,0.0,0.0,0.0,1.0,1.0,0.0,0.9422,0.9422,0.0
newspaper_2a6b4fa088699701a6fa9ccecfb5c25d_18,other_layout,newspaper,english,,82.53,83.08,-0.5499999999999972,0.2112,0.1832,0.027999999999999997,0.5802,0.5603,0.01990000000000003,,,,0.8618,0.8448,0.017000000000000015,0.9671,0.9671,0.0,0.0,0.0,0.0,0.8462,0.8462,0.0,0.84,0.8398,0.00019999999999997797
newspaper_2a6b4fa088699701a6fa9ccecfb5c25d_6,three_column,newspaper,english,,98.4,99.03,-0.6299999999999955,0.016,0.0097,0.0063,0.016,0.0097,0.0063,,,,,,,,,,0.0,0.0,0.0,1.0,1.0,0.0,0.9368,0.9368,0.0
newspaper_2a6b4fa088699701a6fa9ccecfb5c25d_7,three_column,newspaper,english,,84.35,84.62,-0.27000000000001023,0.1565,0.1538,0.002700000000000008,0.3735,0.3742,-0.0006999999999999784,,,,,,,,,,0.0,0.0,0.0,1.0,1.0,0.0,0.9452,0.9452,0.0
newspaper_401c73055b88a62c479edd3d490cea8a_1,other_layout,newspaper,simplified_chinese,,33.37,75.41,-42.04,0.6663,0.2459,0.4204,1.5136,0.3357,1.1779000000000002,,,,,,,,,,0.1602,0.0,0.1602,0.967,0.967,0.0,0.3111,0.8113,-0.5002
newspaper_4b4ad1f6cba28a4844d7ffa9306223a4_1,other_layout,newspaper,simplified_chinese,,25.04,75.94,-50.9,0.7496,0.2406,0.509,1.9573,0.3219,1.6354,,,,,,,,,,0.2051,0.0,0.2051,0.8911,0.9126,-0.021499999999999964,0.2854,0.8478,-0.5624
newspaper_7746db2ad2ea24c827eac60244375bbf_1,other_layout,newspaper,simplified_chinese,,13.74,49.48,-35.739999999999995,0.8626,0.5052,0.35740000000000005,2.4356,1.1668,1.2688,,,,,,,,,,0.3211,0.0721,0.249,0.8642,0.8889,-0.024700000000000055,0.0986,0.54,-0.4414
newspaper_87769622e073730af94822416c60c710_1,other_layout,newspaper,simplified_chinese,,22.35,81.53,-59.18,0.7765,0.1847,0.5918,3.3145,0.2882,3.0263,,,,,,,,,,0.2242,0.0107,0.21350000000000002,0.8874,0.8645,0.02289999999999992,0.1807,0.8331,-0.6524
newspaper_9bb9e05d38b370251a4b0a8d070d1d55_1,other_layout,newspaper,simplified_chinese,,66.47,69.64,-3.1700000000000017,0.3353,0.3036,0.031700000000000006,0.4525,0.5448,-0.09229999999999994,,,,,,,,,,0.129,0.0,0.129,0.777,0.9928,-0.2158,0.6807,0.8981,-0.21740000000000004
newspaper_Chicago Tribune_0801@magazinesclubnew_page_019,other_layout,newspaper,english,"table_fewer_line, table_horizontal, table_span",21.34,69.28,-47.94,0.7849,0.2508,0.5341,2.3137,0.3754,1.9383,,,,0.2118,0.6364,-0.4246,0.4327,0.7593,-0.3266,0.2596,0.0176,0.242,0.7821,0.7821,0.0,0.0795,0.7513,-0.6718
newspaper_Chicago Tribune_0801@magazinesclubnew_page_032,other_layout,newspaper,english,"table_full_line, table_horizontal, table_with_img",89.24,89.46,-0.21999999999999886,0.1076,0.1054,0.0022000000000000075,0.2159,0.2073,0.008599999999999997,,,,,,,,,,0.0667,0.016,0.050699999999999995,0.885,0.9558,-0.07079999999999997,0.8458,0.8474,-0.0016000000000000458
newspaper_Daily Mirror 2025-1-8@magazinesclubnew_page_034,other_layout,newspaper,english,colorful_backgroud,75.89,81.04,-5.150000000000006,0.2411,0.1896,0.05150000000000002,0.3923,0.3111,0.0812,,,,,,,,,,0.0025,0.0325,-0.030000000000000002,1.0,0.9574,0.04259999999999997,0.8333,0.9196,-0.08629999999999993
newspaper_Daily Mirror 2025-1-8@magazinesclubnew_page_058,other_layout,newspaper,english,"table_wireless_line, table_horizontal",68.0,78.59,-10.590000000000003,0.32,0.2141,0.1059,1.1866,0.46,0.7266000000000001,,,,,,,,,,0.0302,0.015,0.015200000000000002,0.8602,0.8387,0.021499999999999964,0.7735,0.8252,-0.05170000000000008
newspaper_NY Daily News_August 1@magazinesclubnew_page_007,other_layout,newspaper,english,,89.01,84.18,4.829999999999998,0.1099,0.1582,-0.04830000000000001,0.4654,0.4159,0.04949999999999999,,,,,,,,,,0.0392,0.0,0.0392,0.9577,0.9859,-0.028200000000000003,0.8857,0.9023,-0.016599999999999948
newspaper_The Guardian UK_0801@magazinesclubnew_page_051,other_layout,newspaper,english,,90.37,88.22,2.1500000000000057,0.0963,0.1178,-0.021500000000000005,0.151,0.1694,-0.0184,,,,,,,,,,0.0921,0.0444,0.0477,0.8148,0.8395,-0.024700000000000055,0.8939,0.9002,-0.006299999999999972
newspaper_TheBostonGlobe-2025-1-8@magazinesclubnew_page_003,other_layout,newspaper,english,,60.95,88.55,-27.599999999999994,0.3905,0.1145,0.276,0.5288,0.17,0.3588,,,,,,,,,,0.0966,0.011,0.08560000000000001,0.9494,0.9114,0.038000000000000034,0.4595,0.8905,-0.43099999999999994
newspaper_TheBostonGlobe-2025-1-8@magazinesclubnew_page_025,other_layout,newspaper,english,"table_full_line, table_horizontal, table_with_img",42.77,61.71,-18.939999999999998,0.2855,0.1079,0.17759999999999998,0.8221,0.1376,0.6845000000000001,,,,0.1408,0.3421,-0.2013,0.1975,0.4261,-0.22859999999999997,0.1064,0.0474,0.059,0.6195,0.6467,-0.027200000000000002,0.4401,0.6548,-0.21470000000000006
newspaper_bf784eedb0c377adb9a0f286954af785_1,three_column,newspaper,english,,84.98,86.17,-1.1899999999999977,0.1502,0.1383,0.011899999999999994,0.1605,0.1485,0.01200000000000001,,,,,,,,,,0.0,0.0,0.0,0.525,0.525,0.0,0.7733,0.7733,0.0
newspaper_bf784eedb0c377adb9a0f286954af785_2,other_layout,newspaper,english,,56.53,56.03,0.5,0.0714,0.0676,0.0038000000000000117,0.1438,0.1417,0.0021000000000000185,,,,0.2021,0.1882,0.013899999999999996,0.2917,0.2917,0.0,0.0,0.0,0.0,0.8852,0.8852,0.0,0.8643,0.8643,0.0
newspaper_dd99f17cad0992a54fdf424b1c5e86ee_1,other_layout,newspaper,simplified_chinese,,72.99,74.36,-1.3700000000000045,0.2701,0.2564,0.01369999999999999,0.9436,0.5064,0.43720000000000003,,,,,,,,,,0.1201,0.02,0.1001,0.7904,0.9581,-0.16769999999999996,0.7075,0.7302,-0.022699999999999942
newspaper_e3842a5681ef54c62a58804adec06c3f_1,other_layout,newspaper,simplified_chinese,,71.31,78.36,-7.049999999999997,0.2869,0.2164,0.07049999999999998,1.0963,0.468,0.6283000000000001,,,,,,,,,,0.1426,0.0253,0.1173,0.8571,0.9412,-0.08410000000000006,0.7225,0.8079,-0.08539999999999992
newspaper_e6083de4647ef28434cb6a598b073ae4_1,other_layout,newspaper,simplified_chinese,,43.08,81.08,-38.0,0.5692,0.1892,0.38,1.9464,0.3754,1.571,,,,,,,,,,0.1403,0.0017,0.1386,0.8793,0.9391,-0.059800000000000075,0.4467,0.8998,-0.45310000000000006
newspaper_eb569707cf5621d4c71d5898216cdb17_1,other_layout,newspaper,simplified_chinese,,24.72,61.74,-37.02,0.7528,0.3826,0.37020000000000003,2.9316,0.508,2.4236,,,,,,,,,,0.2508,0.0059,0.24490000000000003,0.9155,0.951,-0.035499999999999976,0.2386,0.7598,-0.5212
newspaper_ef5c785d9cc21ccf6b73d143f231b5c5_1,other_layout,newspaper,simplified_chinese,,79.9,77.89,2.010000000000005,0.201,0.2211,-0.02009999999999998,0.3182,0.5358,-0.21760000000000007,,,,,,,,,,0.1074,0.0035,0.10389999999999999,0.72,0.8955,-0.1755,0.7964,0.8632,-0.06679999999999997
newspaper_f36d00fe3544ae72725aac9dc7f19aa8_1,other_layout,newspaper,simplified_chinese,,47.52,74.05,-26.529999999999994,0.5248,0.2595,0.26530000000000004,1.3617,0.7118,0.6498999999999999,,,,,,,,,,0.1542,0.0,0.1542,0.8994,0.9651,-0.06569999999999998,0.4672,0.8598,-0.3926
newspaper_fe5ed29024932fad071afc53807b16ba_1,three_column,newspaper,english,,87.24,80.81,6.429999999999993,0.1276,0.1919,-0.0643,0.2323,0.3828,-0.15049999999999997,,,,,,,,,,0.0,0.0,0.0,0.8519,0.8519,0.0,0.8284,0.8285,-9.999999999998899e-05
newspaper_fe5ed29024932fad071afc53807b16ba_5,three_column,newspaper,english,,90.45,84.25,6.200000000000003,0.0955,0.1575,-0.062,0.1778,0.2643,-0.08649999999999997,,,,,,,,,,0.0,0.0,0.0,0.8679,0.8679,0.0,0.8758,0.8787,-0.0029000000000000137
notes_1ba14cb325bc448f7201b20502ecf2b5_12,single_column,note,simplified_chinese,,85.84,84.52,1.3200000000000074,0.2766,0.2884,-0.011799999999999977,0.2766,0.2891,-0.012500000000000011,,,,0.9933,0.9788,0.014499999999999957,1.0,1.0,0.0,0.0,0.0,0.0,0.8571,0.8571,0.0,0.7824,0.8161,-0.03370000000000006
notes_1ba14cb325bc448f7201b20502ecf2b5_124,single_column,note,simplified_chinese,,86.11,86.88,-0.769999999999996,0.1389,0.1312,0.007699999999999985,0.1398,0.1314,0.008400000000000019,,,,,,,,,,0.0,0.0,0.0,0.9333,0.9333,0.0,0.8951,0.9126,-0.01749999999999996
notes_1ba14cb325bc448f7201b20502ecf2b5_16,single_column,note,simplified_chinese,,28.83,29.9,-1.0700000000000003,0.4891,0.48,0.009099999999999997,5.9154,5.72,0.19540000000000024,0.9344,0.922,0.012399999999999967,,,,,,,0.0,0.0,0.0,0.6452,0.6452,0.0,0.7193,0.757,-0.037699999999999956
notes_1ba14cb325bc448f7201b20502ecf2b5_30,single_column,note,simplified_chinese,,82.82,82.82,0.0,0.2484,0.2484,0.0,0.2484,0.2484,0.0,,,,0.9048,0.9048,0.0,0.9286,0.9286,0.0,0.0,0.0,0.0,0.8571,0.8571,0.0,0.7578,0.7744,-0.016599999999999948
notes_1ba14cb325bc448f7201b20502ecf2b5_53,single_column,note,simplified_chinese,,79.23,79.56,-0.3299999999999983,0.1461,0.1416,0.004500000000000004,0.1461,0.1416,0.004500000000000004,,,,0.7308,0.7328,-0.0020000000000000018,0.7885,0.7885,0.0,0.0,0.0,0.0,0.9412,0.9412,0.0,0.7843,0.8162,-0.03190000000000004
notes_1ba14cb325bc448f7201b20502ecf2b5_56,single_column,note,simplified_chinese,,80.49,81.09,-0.6000000000000085,0.3346,0.3227,0.011900000000000022,0.3346,0.3227,0.011900000000000022,,,,0.9444,0.9444,0.0,1.0,1.0,0.0,0.0,0.0,0.0,0.6364,0.6364,0.0,0.6944,0.7133,-0.018900000000000028
notes_1ba14cb325bc448f7201b20502ecf2b5_57,single_column,note,simplified_chinese,,99.0,80.6,18.400000000000006,,,,,,,,,,0.99,0.806,0.18399999999999994,1.0,0.8235,0.1765,,,,1.0,1.0,0.0,0.9786,0.9816,-0.0030000000000000027
notes_1ba14cb325bc448f7201b20502ecf2b5_75,single_column,note,simplified_chinese,,57.7,58.4,-0.6999999999999957,0.3118,0.3007,0.011099999999999999,0.3118,0.3007,0.011099999999999999,,,,0.4659,0.4687,-0.0028000000000000247,0.5556,0.5556,0.0,0.0,0.0,0.0,0.7619,0.7619,0.0,0.7389,0.7767,-0.037799999999999945
notes_1ba14cb325bc448f7201b20502ecf2b5_78,single_column,note,simplified_chinese,,73.57,73.97,-0.4000000000000057,0.0697,0.0697,0.0,0.0697,0.0697,0.0,,,,0.5411,0.549,-0.007900000000000018,0.6181,0.6246,-0.006500000000000061,0.0,0.0,0.0,1.0,1.0,0.0,0.8544,0.8717,-0.017299999999999982
notes_1ba14cb325bc448f7201b20502ecf2b5_79,single_column,note,simplified_chinese,,73.91,74.8,-0.8900000000000006,0.0923,0.079,0.013299999999999992,0.0923,0.079,0.013299999999999992,,,,0.5705,0.575,-0.0044999999999999485,0.652,0.652,0.0,0.0,0.0,0.0,1.0,1.0,0.0,0.9154,0.9291,-0.013700000000000045
notes_1ba14cb325bc448f7201b20502ecf2b5_82,single_column,note,simplified_chinese,,61.98,62.42,-0.44000000000000483,0.2774,0.2682,0.009199999999999986,0.2774,0.2682,0.009199999999999986,,,,0.5171,0.5165,0.0006000000000000449,0.625,0.625,0.0,0.0,0.0,0.0,0.9333,0.9333,0.0,0.8041,0.8308,-0.026699999999999946
notes_9e951846094758afac08c620144e3a76_15,single_column,note,simplified_chinese,,5.06,5.1,-0.040000000000000036,0.8987,0.8979,0.0008000000000000229,8.587,8.5109,0.07610000000000028,1.0,1.0,0.0,,,,,,,,,,0.1538,0.1538,0.0,0.0744,0.0743,9.999999999998899e-05
notes_f7f010b78016aeebd76e56d9283eb67f_119,single_column,note,en_ch_mixed,,97.08,92.28,4.799999999999997,0.0292,0.0772,-0.048,0.0295,0.0772,-0.047700000000000006,,,,,,,,,,0.0,0.0,0.0,0.9333,0.9333,0.0,0.8596,0.863,-0.0033999999999999586
notes_f7f010b78016aeebd76e56d9283eb67f_25,single_column,note,en_ch_mixed,,9.84,10.08,-0.2400000000000002,0.9016,0.8992,0.0023999999999999577,0.9016,0.8992,0.0023999999999999577,,,,,,,,,,,,,0.1818,0.1818,0.0,0.0953,0.0957,-0.0003999999999999976
notes_f7f010b78016aeebd76e56d9283eb67f_26,single_column,note,en_ch_mixed,,12.83,10.3,2.5299999999999994,0.8717,0.897,-0.02529999999999999,0.8717,0.897,-0.02529999999999999,,,,,,,,,,,,,0.1667,0.1667,0.0,0.114,0.1143,-0.0002999999999999947
notes_f7f010b78016aeebd76e56d9283eb67f_29,single_column,note,en_ch_mixed,,75.22,83.64,-8.420000000000002,0.2478,0.1636,0.0842,0.2531,0.1673,0.08579999999999999,,,,,,,,,,0.0182,0.0,0.0182,1.0,1.0,0.0,0.7789,0.944,-0.1650999999999999
notes_f7f010b78016aeebd76e56d9283eb67f_31,single_column,note,en_ch_mixed,,59.42,57.08,2.3400000000000034,0.4058,0.4292,-0.023400000000000032,0.5851,0.6085,-0.023400000000000087,,,,,,,,,,0.0,0.0,0.0,0.5926,0.5926,0.0,0.5603,0.5591,0.0011999999999999789
notes_f7f010b78016aeebd76e56d9283eb67f_5,single_column,note,english,,,,,,,,,,,,,,,,,,,,,,,0.0,0.0,0.0,,,
notes_f7f010b78016aeebd76e56d9283eb67f_50,single_column,note,en_ch_mixed,,50.59,50.44,0.15000000000000568,0.3945,0.3973,-0.002799999999999969,0.3945,0.3973,-0.002799999999999969,,,,0.4064,0.4061,0.00029999999999996696,1.0,1.0,0.0,0.0,0.0,0.0,0.625,0.625,0.0,0.7334,0.7398,-0.006399999999999961
notes_f7f010b78016aeebd76e56d9283eb67f_53,single_column,note,en_ch_mixed,,46.48,45.69,0.7899999999999991,0.5352,0.5431,-0.007900000000000018,0.5352,0.5431,-0.007900000000000018,,,,,,,,,,,,,0.4,0.4,0.0,0.4333,0.4348,-0.0015000000000000013
notes_f7f010b78016aeebd76e56d9283eb67f_67,single_column,note,en_ch_mixed,,61.42,31.85,29.57,0.3858,0.6815,-0.2957,0.9173,1.2027,-0.2854000000000001,,,,,,,,,,0.0,0.0,0.0,0.6667,0.6667,0.0,0.6552,0.2838,0.3714
notes_f7f010b78016aeebd76e56d9283eb67f_69,single_column,note,en_ch_mixed,,34.85,94.26,-59.410000000000004,0.6515,0.0574,0.5941,0.7735,0.0584,0.7151,,,,,,,,,,0.2245,0.0,0.2245,0.96,1.0,-0.040000000000000036,0.1248,0.7989,-0.6741
notes_f7f010b78016aeebd76e56d9283eb67f_72,single_column,note,en_ch_mixed,,44.13,89.84,-45.71,0.5587,0.1016,0.45709999999999995,0.6172,0.102,0.5152,,,,,,,,,,0.1702,0.0188,0.15139999999999998,0.9808,0.9808,0.0,0.2697,0.8006,-0.5308999999999999
notes_f7f010b78016aeebd76e56d9283eb67f_91,single_column,note,simplified_chinese,,83.05,83.69,-0.6400000000000006,0.1695,0.1631,0.006400000000000017,0.1701,0.1631,0.007000000000000006,,,,,,,,,,0.0,0.0,0.0,0.75,0.75,0.0,0.7634,0.7714,-0.008000000000000007
notes_f7f010b78016aeebd76e56d9283eb67f_92,single_column,note,simplified_chinese,,85.91,85.95,-0.04000000000000625,0.1409,0.1405,0.0003999999999999837,0.1411,0.1407,0.00040000000000001146,,,,,,,,,,0.0,0.0,0.0,0.8,0.8,0.0,0.7042,0.7083,-0.0040999999999999925
notes_f7f010b78016aeebd76e56d9283eb67f_94,single_column,note,en_ch_mixed,,90.08,91.01,-0.9300000000000068,0.0992,0.0899,0.009300000000000003,0.1061,0.0959,0.0102,,,,,,,,,,0.0,0.0,0.0,0.9524,0.9524,0.0,0.8164,0.8387,-0.022299999999999986
page-00b6ac57-4466-4eb0-937d-bb29a44fa0d3,other_layout,PPT2PDF,en_ch_mixed,,11.77,21.26,-9.490000000000002,0.7646,0.5749,0.18969999999999998,1.858,1.5958,0.2622,,,,0.0,0.0,0.0,0.0,0.0,0.0,0.237,0.1892,0.04779999999999998,0.9545,0.8636,0.09089999999999998,0.1904,0.3815,-0.1911
page-05746fc5-2045-4dea-94e7-4bbab648d702,single_column,academic_literature,english,,53.77,54.19,-0.4199999999999946,0.3272,0.3295,-0.0023000000000000242,0.4029,0.5419,-0.13900000000000007,0.5974,0.5867,0.010700000000000043,,,,,,,0.0,0.0,0.0,0.9286,0.9286,0.0,0.8702,0.8751,-0.0049000000000000155
page-062fc21c-6b9c-40be-8d0e-7a617509a9bc,single_column,book,simplified_chinese,,60.48,60.62,-0.14000000000000057,0.3952,0.3938,0.0014000000000000123,0.3954,0.3938,0.0015999999999999903,,,,,,,,,,0.0,0.0,0.0,0.9091,0.9091,0.0,0.7402,0.7467,-0.006500000000000061
page-07088b2f-f9d6-4c38-9c97-d7f98bc3d556,other_layout,historical_document,traditional_chinese,"fuzzy_content, geometric_deformation",33.15,33.57,-0.4200000000000017,0.6685,0.6643,0.0041999999999999815,0.7085,2.1296,-1.4211,,,,,,,,,,0.0,0.0953,-0.0953,0.2128,0.3846,-0.1718,0.462,0.3886,0.07340000000000002
page-0b011030-84e4-49e3-adfb-437c96b9947d,single_column,academic_literature,en_ch_mixed,,93.65,93.57,0.0800000000000125,0.0635,0.0643,-0.0007999999999999952,0.0642,0.0646,-0.00040000000000001146,,,,,,,,,,0.0,0.0,0.0,1.0,1.0,0.0,0.9542,0.9625,-0.008299999999999974
page-0b772bee-71ec-4d4a-a406-d7691b1a6e86,other_layout,magazine,other,colorful_backgroud,34.63,14.64,19.990000000000002,0.6537,0.8536,-0.19990000000000008,1.8339,1.6717,0.16220000000000012,,,,,,,,,,0.0,0.0,0.0,0.4286,0.5806,-0.15200000000000002,0.1961,0.2129,-0.01680000000000001
page-0c8b5994-685d-4b1b-816a-74f43aff8a53,other_layout,colorful_textbook,simplified_chinese,,68.62,68.57,0.05000000000001137,0.3138,0.3143,-0.0005000000000000004,0.3138,0.3146,-0.0007999999999999674,,,,,,,,,,0.0,0.0,0.0,0.7586,0.7586,0.0,0.7305,0.7323,-0.0017999999999999128
page-0cbdcfa9-3248-4e54-8704-2bc73e6d29e7,single_column,academic_literature,english,,85.52,54.71,30.809999999999995,0.1455,0.0046,0.1409,0.1455,0.0046,0.1409,,,,0.8559,0.0989,0.757,0.8692,0.157,0.7121999999999999,0.0,0.0,0.0,1.0,1.0,0.0,0.8726,0.8726,0.0
page-112859dc-07d9-473a-a027-94904db8fd84,single_column,research_report,simplified_chinese,,75.13,77.01,-1.8800000000000097,0.0843,0.3214,-0.23710000000000003,0.0847,0.4341,-0.3494,,,,0.587,0.8616,-0.27460000000000007,0.7727,1.0,-0.22729999999999995,0.0,0.0,0.0,1.0,1.0,0.0,0.9207,0.9242,-0.0035000000000000586
page-141c2c16-4b50-4c3b-a64b-3e2fd8bb4002,single_column,book,en_ch_mixed,,90.67,92.22,-1.5499999999999972,0.0933,0.0778,0.0155,0.0933,0.0778,0.0155,,,,,,,,,,0.0,0.0,0.0,0.8571,1.0,-0.14290000000000003,0.9691,0.9721,-0.0030000000000000027
page-19300c18-7995-4099-a94c-b4c61d7622cb,other_layout,magazine,other,,92.75,89.36,3.3900000000000006,0.0725,0.1064,-0.0339,0.0725,0.1398,-0.06730000000000001,,,,,,,,,,0.1212,0.0,0.1212,0.8333,0.9565,-0.12319999999999998,0.9327,0.8626,0.07009999999999994
page-1ce383cc-63a3-43c9-b6f2-7498a952b65c,single_column,academic_literature,english,,36.65,36.79,-0.14000000000000057,0.3346,0.3298,0.0048000000000000265,0.7831,0.7974,-0.01429999999999998,0.9324,0.9344,-0.0020000000000000018,,,,,,,0.0,0.0,0.0,0.64,0.64,0.0,0.7968,0.7968,0.0
page-1cecd66d-3563-422a-a204-999bba0bb528,single_column,academic_literature,english,,91.49,93.19,-1.7000000000000028,0.0,0.0,0.0,0.0,0.0,0.0,,,,0.8298,0.8637,-0.03390000000000004,1.0,1.0,0.0,0.0,0.0,0.0,0.8,0.8,0.0,0.8175,0.9394,-0.12190000000000001
page-1f03d0f2-1166-4b9b-9609-94bf8bfd29b2,single_column,academic_literature,simplified_chinese,,87.49,88.71,-1.2199999999999989,0.1537,0.1218,0.0319,0.1537,0.1218,0.0319,,,,0.9034,0.896,0.007399999999999962,0.96,0.96,0.0,0.0,0.0,0.0,1.0,1.0,0.0,0.9514,0.9477,0.0037000000000000366
page-21967f5d-667d-488e-a5b3-76b9d6f53656,single_column,book,english,,34.31,34.25,0.060000000000002274,0.3764,0.3778,-0.0014000000000000123,1.9308,2.0079,-0.07709999999999972,0.9374,0.9372,0.00019999999999997797,,,,,,,0.0,0.0,0.0,0.5,0.5,0.0,0.5777,0.5777,0.0
page-2329f04a-41b3-435b-993a-a0652294b07d,single_column,book,english,,75.38,75.83,-0.45000000000000284,0.1502,0.1412,0.009000000000000008,0.1503,0.1413,0.00899999999999998,0.3421,0.3421,0.0,,,,,,,0.0,0.0,0.0,0.7778,0.7778,0.0,0.9634,0.9636,-0.00019999999999997797
page-25bb22df-f066-42ea-b1a9-e283ec22a303,single_column,book,en_ch_mixed,,52.47,46.02,6.449999999999996,0.4753,0.5398,-0.06449999999999995,0.6982,0.8011,-0.10289999999999999,,,,,,,,,,0.0684,0.1285,-0.0601,0.9231,0.9565,-0.033399999999999985,0.7851,0.8297,-0.04459999999999997
page-27a46d41-49b5-4562-a546-6cbbafd23a81,single_column,book,english,,49.72,49.62,0.10000000000000142,0.3886,0.3913,-0.00269999999999998,0.6256,0.7444,-0.1187999999999999,0.617,0.6162,0.0008000000000000229,,,,,,,0.0,0.0,0.0,0.9,0.9,0.0,0.7658,0.7845,-0.01869999999999994
page-28657a85-95cc-4bfa-8156-cc98518a0b4c,single_column,academic_literature,simplified_chinese,,62.59,63.14,-0.5499999999999972,0.1844,0.1703,0.014100000000000001,0.2208,0.2054,0.015399999999999997,0.9114,0.9091,0.0022999999999999687,0.9736,0.9736,0.0,1.0,1.0,0.0,0.0,0.0,0.0,1.0,1.0,0.0,0.9304,0.9387,-0.008299999999999974
page-2abc2a95-d39a-48db-9b6d-f40410412694,single_column,research_report,traditional_chinese,,47.97,51.64,-3.6700000000000017,0.3626,0.1514,0.21119999999999997,0.3626,0.1514,0.21119999999999997,,,,0.3219,0.1842,0.13770000000000002,0.3955,0.2341,0.16140000000000002,0.0,0.0,0.0,1.0,1.0,0.0,0.909,0.9176,-0.008599999999999941
page-2b4c4f44-c0de-41b6-9561-96195c233f47,single_column,research_report,simplified_chinese,,47.37,64.86,-17.490000000000002,0.4074,0.0588,0.34859999999999997,0.4074,0.0589,0.3485,,,,0.3548,0.3559,-0.0010999999999999899,0.5,0.5,0.0,0.0,0.0,0.0,1.0,1.0,0.0,0.9276,0.9523,-0.024700000000000055
page-2d8358c5-114a-4bda-92c3-e8480d9ab082,other_layout,exam_paper,traditional_chinese,,46.5,56.91,-10.409999999999997,0.535,0.4309,0.10410000000000003,1.135,0.4309,0.7041,,,,,,,,,,0.0,0.0,0.0,1.0,0.8889,0.11109999999999998,0.6937,0.8673,-0.17359999999999998
page-37a801d0-4422-4ddb-8b45-73b259396212,single_column,book,english,,73.13,72.61,0.519999999999996,0.2998,0.2995,0.00030000000000002247,0.4441,0.4457,-0.0015999999999999903,0.2376,0.2484,-0.010800000000000004,,,,,,,0.0,0.0,0.0,1.0,1.0,0.0,0.8629,0.8624,0.0004999999999999449
page-3bed7e71-905d-4f69-aabe-dbff56d7ac4c,single_column,research_report,simplified_chinese,,81.9,75.41,6.490000000000009,0.1845,0.1845,0.0,0.1845,0.1845,0.0,,,,0.8224,0.6927,0.12970000000000004,0.8784,0.8367,0.04169999999999996,0.0,0.0,0.0,1.0,1.0,0.0,0.9572,0.9604,-0.0031999999999999806
page-3ce15378-6ffd-4f3c-9473-8b897451c770,single_column,academic_literature,en_ch_mixed,with_watermark,55.34,84.08,-28.739999999999995,0.6091,0.0492,0.5599,0.6091,0.0492,0.5599,,,,0.7159,0.7307,-0.014800000000000035,0.9538,0.9347,0.019100000000000006,0.0,0.0,0.0,1.0,1.0,0.0,0.924,0.9237,0.000300000000000078
page-3e0da562-e549-4a04-8335-e76db83d57e6,single_column,academic_literature,english,,69.24,69.05,0.18999999999999773,0.3233,0.3503,-0.027000000000000024,0.3563,0.4224,-0.06609999999999999,0.2919,0.2688,0.02310000000000001,,,,,,,0.0,0.0,0.0,1.0,1.0,0.0,0.9355,0.9353,0.00019999999999997797
page-3ecc67a1-9b19-4fb9-b74d-acbb73db5c53,single_column,historical_document,traditional_chinese,,9.8,35.66,-25.859999999999996,0.902,0.6434,0.25860000000000005,0.902,1.6275,-0.7254999999999999,,,,,,,,,,,,,0.5,0.5,0.0,0.0,0.3801,-0.3801
page-3f872a77-3faf-47d6-8574-bd2e5806ff98,single_column,research_report,simplified_chinese,,80.86,82.81,-1.9500000000000028,0.184,0.1494,0.03459999999999999,0.184,0.1494,0.03459999999999999,,,,0.8012,0.8055,-0.0042999999999999705,0.954,0.9429,0.011099999999999999,0.0,0.0,0.0,0.9524,0.9524,0.0,0.8919,0.917,-0.02510000000000001
page-4009495f-1a7c-46dc-9f52-7f80f5f0cc5c,single_column,academic_literature,english,,29.02,29.05,-0.030000000000001137,0.5074,0.5078,-0.00040000000000006697,1.5808,1.5923,-0.011500000000000066,0.9123,0.9112,0.0010999999999999899,,,,,,,0.0,0.0,0.0,0.5294,0.5294,0.0,0.6247,0.6315,-0.006799999999999917
page-423cdc11-af52-4e41-8feb-a40741b15855,single_column,book,traditional_chinese,,93.64,94.12,-0.480000000000004,0.0578,0.0437,0.014099999999999994,0.0586,0.0437,0.014899999999999997,,,,0.9306,0.926,0.0045999999999999375,1.0,1.0,0.0,0.0,0.0,0.0,1.0,1.0,0.0,0.9634,0.9782,-0.014799999999999924
page-4254323d-8940-46fc-8cbb-b255c26b9693,other_layout,PPT2PDF,simplified_chinese,,74.33,78.93,-4.6000000000000085,0.2567,0.2107,0.045999999999999985,0.7732,0.2947,0.4785,,,,,,,,,,0.2121,0.0672,0.14490000000000003,0.717,0.8519,-0.13490000000000002,0.6384,0.7227,-0.08430000000000004
page-4319d401-c9e8-4326-9869-7572cf2e0e96,other_layout,exam_paper,traditional_chinese,,1.6,60.07,-58.47,0.9681,0.5417,0.4264,0.9681,0.992,-0.023900000000000032,,,,0.0,0.7431,-0.7431,0.0,1.0,-1.0,,0.0476,,0.4,0.875,-0.475,0.0,0.6249,-0.6249
page-4431f432-9e71-46d3-a5ea-4d705ad163a8,double_column,book,english,,67.17,67.1,0.07000000000000739,0.3283,0.329,-0.0007000000000000339,0.7371,0.7324,0.0046999999999999265,,,,,,,,,,0.0,0.0,0.0,0.6429,0.6429,0.0,0.6433,0.6433,0.0
page-458ab820-615f-42fe-af33-3a8fb15ad691,single_column,research_report,english,,87.09,87.11,-0.01999999999999602,0.2532,0.2532,0.0,0.2532,0.2532,0.0,,,,0.9951,0.9954,-0.00029999999999996696,1.0,1.0,0.0,0.0,0.0,0.0,0.8,0.8,0.0,0.9725,0.9742,-0.0016999999999999238
page-4c92c2ac-d7f7-43a5-b323-f242f31ddbf8,other_layout,PPT2PDF,en_ch_mixed,,81.74,80.38,1.3599999999999994,0.1826,0.1962,-0.013600000000000001,0.1877,0.1966,-0.008899999999999991,,,,,,,,,,0.0,0.0,0.0,0.8333,0.8333,0.0,0.7524,0.7556,-0.0032000000000000917
page-51757cee-c153-4baf-8616-ac106b543885,other_layout,book,simplified_chinese,text_L-shaped_wrap,52.15,52.63,-0.480000000000004,0.2357,0.2318,0.003899999999999987,0.5626,0.5483,0.01429999999999998,0.7213,0.7155,0.005800000000000027,,,,,,,0.0237,0.0237,0.0,0.8627,0.8627,0.0,0.8013,0.8299,-0.02859999999999996
page-52875b3d-f4dc-44c2-a9bb-514b0763833d,other_layout,colorful_textbook,simplified_chinese,,49.37,49.32,0.04999999999999716,0.5063,0.5068,-0.000500000000000056,0.868,0.8671,0.0009000000000000119,,,,,,,,,,0.0,0.1667,-0.1667,0.6207,0.6667,-0.04599999999999993,0.7735,0.7862,-0.012700000000000045
page-5b2f2dec-8e96-450f-aea0-b73d46eac172,single_column,academic_literature,english,,33.27,35.03,-1.759999999999998,0.4565,0.4174,0.039100000000000024,0.9058,0.8544,0.0514,0.8782,0.882,-0.0038000000000000256,,,,,,,0.0,0.0,0.0,0.6667,0.6667,0.0,0.6559,0.6558,9.999999999998899e-05
page-5ef91820-15a4-41af-b57f-36ec76879fee,single_column,academic_literature,english,,98.26,98.29,-0.030000000000001137,0.0174,0.0171,0.0002999999999999982,0.0174,0.0171,0.0002999999999999982,,,,,,,,,,0.0,0.0,0.0,1.0,1.0,0.0,0.9776,0.971,0.00660000000000005
page-67013be9-58e5-4842-809d-7a3c1fc91fc7,other_layout,colorful_textbook,simplified_chinese,,25.7,10.42,15.28,0.4861,0.7917,-0.3056,0.7176,2.7637,-2.0461,1.0,1.0,0.0,,,,,,,0.0,0.0,0.0,0.6364,0.7273,-0.09089999999999998,0.6595,0.126,0.5335
page-74749e1d-5239-4d8e-b89c-6d83f5e59374,single_column,research_report,simplified_chinese,,89.5,89.88,-0.37999999999999545,0.1569,0.1469,0.010000000000000009,0.1572,0.1469,0.010300000000000004,,,,0.9468,0.9446,0.0021999999999999797,1.0,1.0,0.0,0.0,0.0,0.0,1.0,1.0,0.0,0.9633,0.9698,-0.00649999999999995
page-776044e4-c33c-420d-84a8-acbffad569bd,other_layout,magazine,english,geometric_deformation,98.53,98.04,0.4899999999999949,0.0147,0.0196,-0.0049,0.0149,0.0197,-0.004799999999999999,,,,,,,,,,0.0,0.0,0.0,0.8235,0.8235,0.0,0.8953,0.8946,0.0007000000000000339
page-82c2ab31-2cf0-47bb-bfb6-110770323718,single_column,book,simplified_chinese,,96.21,91.79,4.4199999999999875,0.0379,0.0821,-0.0442,0.039,0.0821,-0.043100000000000006,,,,,,,,,,0.0,0.0,0.0,0.8571,0.8571,0.0,0.9825,0.9813,0.0012000000000000899
page-87866578-c897-404e-b751-51fd444f59b2,single_column,book,simplified_chinese,,75.74,87.38,-11.64,0.2426,0.1262,0.1164,0.2426,0.1262,0.1164,,,,,,,,,,,0.0,,0.3333,0.5714,-0.23810000000000003,0.9152,0.8251,0.09010000000000007
page-8c21f73a-b849-4f71-9573-57d50fbcc180,single_column,book,english,,61.34,58.28,3.0600000000000023,0.2433,0.2647,-0.021400000000000002,0.4132,0.5821,-0.16889999999999994,0.53,0.5697,-0.03969999999999996,,,,,,,0.0,0.0,0.0,0.9231,0.9231,0.0,0.8831,0.8889,-0.005800000000000027
page-8d707810-de48-43ba-81a7-b976918e7be2,single_column,academic_literature,en_ch_mixed,,50.0,83.17,-33.17,0.0,0.0,0.0,0.0,0.0,0.0,,,,0.0,0.6635,-0.6635,0.0,0.8281,-0.8281,0.3334,0.0,0.3334,0.6667,1.0,-0.33330000000000004,0.7885,0.8913,-0.1028
page-8d885b06-4da2-453f-84f7-2f43bc4ae2dd,other_layout,colorful_textbook,en_ch_mixed,with_watermark,84.89,79.05,5.840000000000003,0.1511,0.2095,-0.05839999999999998,0.1998,0.2353,-0.035500000000000004,,,,,,,,,,0.0074,0.0066,0.0008000000000000004,0.7727,0.8511,-0.07839999999999991,0.6542,0.6143,0.03990000000000005
page-8e2f7ce3-83c4-4977-b6dc-278394c4bd64,other_layout,historical_document,simplified_chinese,geometric_deformation,73.72,30.4,43.32,0.2628,0.696,-0.4332,0.3147,0.7933,-0.4786,,,,,,,,,,0.0,0.0666,-0.0666,0.2703,0.4762,-0.20590000000000003,0.7609,0.4004,0.36050000000000004
page-91b20bf2-3ad5-41f4-b739-4cc4b18ab1eb,single_column,academic_literature,simplified_chinese,,79.1,77.74,1.3599999999999994,0.125,0.125,0.0,0.125,0.125,0.0,,,,0.7071,0.6798,0.02729999999999999,1.0,1.0,0.0,0.0,0.0,0.0,1.0,1.0,0.0,0.9463,0.9783,-0.03199999999999992
page-942ac90d-4704-43f3-9286-719c7be9e655,other_layout,historical_document,traditional_chinese,,58.79,55.65,3.1400000000000006,0.4121,0.4435,-0.031399999999999983,0.4662,0.5834,-0.11720000000000003,,,,,,,,,,0.0,0.0,0.0,0.6667,0.6667,0.0,0.7771,0.6817,0.09540000000000004
page-99c0fd2f-608e-479c-9af5-5b012de4f6af,single_column,book,simplified_chinese,with_watermark,56.32,60.36,-4.039999999999999,0.2832,0.251,0.032200000000000006,0.3996,0.3166,0.08300000000000002,0.5904,0.5418,0.04860000000000009,,,,,,,0.0,0.0,0.0,1.0,1.0,0.0,0.9026,0.9363,-0.03370000000000006
page-a0018d4b-a1a5-4f8b-872e-b5f5c05c6b36,single_column,book,simplified_chinese,transparent_pages,97.61,96.01,1.5999999999999943,0.0239,0.0399,-0.015999999999999997,0.0245,0.0399,-0.015399999999999997,,,,,,,,,,0.0,0.0,0.0,1.0,1.0,0.0,0.9848,0.9799,0.0049000000000000155
page-ab441454-71f1-4900-87c1-d71d5602261e,single_column,book,en_ch_mixed,,91.25,93.63,-2.3799999999999955,0.1429,0.0952,0.04769999999999999,0.1429,0.0952,0.04769999999999999,,,,0.9679,0.9679,0.0,0.9697,0.9697,0.0,0.0,0.0,0.0,0.8889,1.0,-0.11109999999999998,0.9079,0.8916,0.016300000000000092
page-ae356bde-652d-44a9-9e21-76cadf5a9dea,single_column,book,english,,55.11,55.33,-0.21999999999999886,0.3474,0.3437,0.003699999999999981,0.815,0.7525,0.0625,0.5504,0.5497,0.0007000000000000339,,,,,,,0.0,0.0,0.0,0.9362,0.9362,0.0,0.8329,0.8317,0.0011999999999999789
page-aee8f1d9-7240-4517-b615-389594556d57,other_layout,PPT2PDF,simplified_chinese,,34.05,32.45,1.5999999999999943,0.6009,0.604,-0.0030999999999999917,0.9699,0.9624,0.007499999999999951,0.7182,0.747,-0.028800000000000048,,,,,,,0.0,,,0.5714,0.6154,-0.04399999999999993,0.6555,0.6557,-0.00019999999999997797
page-affbb0cc-d616-481d-b493-80ed1ccb5a10,single_column,book,simplified_chinese,,62.52,63.43,-0.9099999999999966,0.3748,0.3657,0.009099999999999997,0.4058,0.3926,0.01319999999999999,,,,,,,,,,0.0,0.0,0.0,0.7143,0.7143,0.0,0.7322,0.7253,0.006900000000000017
page-b145da5c-182f-4d4e-813a-28b8d6971b0f,single_column,exam_paper,simplified_chinese,,4.62,4.76,-0.13999999999999968,0.9538,0.9524,0.0013999999999999568,2.7018,2.6316,0.07019999999999982,,,,,,,,,,,,,0.25,0.25,0.0,0.0324,0.0322,0.0001999999999999988
page-b1b8cc79-a7b3-4ac5-a7c2-49416b195ccb,other_layout,PPT2PDF,simplified_chinese,with_watermark,90.3,91.25,-0.9500000000000028,0.097,0.0875,0.009500000000000008,0.0979,0.0875,0.010400000000000006,,,,,,,,,,0.0,0.0,0.0,0.9091,0.8333,0.07579999999999998,0.886,0.8887,-0.0027000000000000357
page-bd6eb36e-0856-4d9d-b587-21b4a0209c8b,single_column,academic_literature,english,,69.94,69.63,0.3100000000000023,0.2864,0.2911,-0.0047000000000000375,0.4654,0.4701,-0.0047000000000000375,0.3149,0.3162,-0.0012999999999999678,,,,,,,0.0,0.0,0.0,0.75,0.75,0.0,0.9588,0.9545,0.0042999999999999705
page-bd83d09b-302b-4cc6-999d-19fe668b6577,single_column,book,traditional_chinese,,93.73,96.55,-2.819999999999993,0.0627,0.0345,0.028200000000000003,0.0652,0.035,0.03019999999999999,,,,,,,,,,0.0,0.0,0.0,1.0,1.0,0.0,0.9815,0.9819,-0.00039999999999995595
page-be2ebf31-5f24-4d3e-97f0-4a8df7e773b4,other_layout,academic_literature,english,,68.81,46.06,22.75,0.124,0.5775,-0.4535,0.1296,1.1415,-1.0119,,,,0.5002,0.4987,0.0015000000000000013,0.9877,0.9877,0.0,0.0,0.1515,-0.1515,1.0,1.0,0.0,0.9456,0.3132,0.6324000000000001
page-bea34248-acae-4578-9ff2-3149a84d7c38,other_layout,colorful_textbook,simplified_chinese,,52.99,52.87,0.12000000000000455,0.4371,0.4405,-0.003400000000000014,1.0308,1.0446,-0.013800000000000034,0.503,0.5021,0.0009000000000000119,,,,,,,0.0,0.0,0.0,0.7143,0.7143,0.0,0.736,0.7457,-0.009700000000000042
page-c32797b5-0a58-40da-82b4-b35dded00f25,other_layout,colorful_textbook,simplified_chinese,,51.66,31.88,19.779999999999998,0.4834,0.6812,-0.19780000000000003,0.5228,2.5468,-2.024,,,,,,,,,,0.3334,0.3889,-0.05550000000000005,0.6957,0.8696,-0.17390000000000005,0.3154,0.1669,0.14850000000000002
page-c6168ed8-ca6a-4ddd-8bfc-92dec77f1870,single_column,academic_literature,english,,38.98,38.7,0.27999999999999403,0.3581,0.3607,-0.0026000000000000467,0.7457,0.7623,-0.016599999999999948,0.8623,0.8653,-0.0030000000000000027,,,,,,,0.0,0.0,0.0,0.6667,0.6667,0.0,0.6279,0.6282,-0.00029999999999996696
page-c7792da7-4167-4f5c-a7ca-ec0f8833f83b,single_column,research_report,traditional_chinese,,33.18,36.56,-3.3800000000000026,1.0,1.0,0.0,1.0,1.0,0.0,,,,0.6637,0.7312,-0.0675,0.81,0.8351,-0.0250999999999999,,,,0.6667,0.6667,0.0,0.9909,0.9892,0.0017000000000000348
page-c99421f9-4435-44a9-82f8-7b044bb0ee1d,single_column,research_report,simplified_chinese,,59.68,65.64,-5.960000000000001,0.357,0.2386,0.11839999999999998,0.3572,0.2388,0.1184,,,,0.5506,0.5514,-0.0008000000000000229,0.6445,0.6511,-0.00660000000000005,0.0,0.0,0.0,0.9412,0.8889,0.05230000000000001,0.9091,0.9117,-0.0025999999999999357
page-ccfdaadf-2231-4aad-89a9-2caf72099849,other_layout,magazine,english,,94.31,93.43,0.8799999999999955,0.0569,0.0657,-0.008799999999999995,0.0569,0.0657,-0.008799999999999995,,,,,,,,,,0.0,0.0,0.0,0.875,0.8,0.07499999999999996,0.9463,0.8635,0.08279999999999998
page-d271a2ab-4523-44c4-94b5-303bf54b69e9,single_column,exam_paper,english,transparent_pages,72.42,72.42,0.0,0.2758,0.2758,0.0,0.3298,0.7064,-0.37660000000000005,,,,,,,,,,0.0,0.0,0.0,0.7027,0.7027,0.0,0.3211,0.3844,-0.06330000000000002
page-d29fe4d2-832a-4ad6-ac80-dc01cf8b0e16,single_column,research_report,simplified_chinese,,52.89,82.1,-29.209999999999994,0.6469,0.0634,0.5835,0.6469,0.0634,0.5835,,,,0.7048,0.7054,-0.0006000000000000449,1.0,1.0,0.0,0.0,0.0,0.0,0.6154,0.6154,0.0,0.6772,0.9149,-0.23770000000000002
page-d627077d-61cd-45c5-936f-a2c306ec3b5b,single_column,research_report,simplified_chinese,,60.77,64.16,-3.3899999999999935,0.433,0.3726,0.06040000000000001,0.433,0.3732,0.05980000000000002,,,,0.6483,0.6557,-0.007399999999999962,0.68,0.68,0.0,0.0,0.0,0.0,1.0,1.0,0.0,0.8887,0.9111,-0.022399999999999975
page-d9a27df2-127e-4f76-bb61-e7e741078bef,single_column,academic_literature,english,,69.45,70.61,-1.1599999999999966,0.3357,0.324,0.011699999999999988,0.3475,0.3373,0.010199999999999987,0.2754,0.2637,0.011699999999999988,,,,,,,0.0,0.0,0.0,0.9744,0.9744,0.0,0.9161,0.9149,0.0011999999999999789
page-dca64e05-1ce6-49ee-857a-9b5d05a87357,single_column,academic_literature,english,,26.22,0.77,25.45,0.6972,1.0,-0.30279999999999996,0.6972,1.0,-0.30279999999999996,,,,0.2216,0.0153,0.20629999999999998,0.5285,0.1404,0.3881,,,,1.0,1.0,0.0,0.9178,0.9072,0.010599999999999943
page-e9e8bc8e-e22d-4d1a-a3fb-5d175e5e4d70,single_column,academic_literature,english,,26.64,27.62,-0.9800000000000004,0.4918,0.4721,0.019699999999999995,2.3979,2.3596,0.0383,0.9754,0.9756,-0.00019999999999997797,,,,,,,0.0,0.0,0.0,0.4348,0.4348,0.0,0.5832,0.5832,0.0
page-eb7308e0-1395-4444-b6a5-9d33cc3a03b2,single_column,book,en_ch_mixed,,79.02,77.49,1.5300000000000011,,,,,,,,,,0.7902,0.7749,0.01529999999999998,0.9661,0.9661,0.0,,,,0.6667,0.6667,0.0,0.988,0.9807,0.007299999999999973
page-ed0f3b67-a631-4e9d-b8d8-d9594a5aa652,other_layout,magazine,english,,61.24,61.74,-0.5,0.3876,0.3826,0.0050000000000000044,0.7547,0.7354,0.019299999999999984,,,,,,,,,,0.0,0.0,0.0,0.5714,0.5714,0.0,0.5661,0.5705,-0.0043999999999999595
page-f108020f-edc5-4a27-85d9-d9d9c5d67309,double_column,academic_literature,english,,46.85,46.72,0.13000000000000256,0.3031,0.3021,0.0010000000000000009,0.8551,0.8935,-0.03839999999999999,0.76,0.7635,-0.0034999999999999476,,,,,,,0.0579,0.0579,0.0,0.8276,0.8276,0.0,0.7891,0.7883,0.0008000000000000229
page-f6b6cfb8-3bb5-4393-b3fb-70efef72aca5,single_column,research_report,simplified_chinese,,79.66,96.47,-16.810000000000002,0.3772,0.0351,0.34209999999999996,0.3772,0.0351,0.34209999999999996,,,,0.9703,0.9646,0.005700000000000038,1.0,1.0,0.0,0.0,0.0,0.0,1.0,1.0,0.0,0.9602,0.9722,-0.0119999999999999
page-fbfad23e-60e1-40d5-ba55-e7a1bcb26c97,other_layout,book,simplified_chinese,text_L-shaped_wrap,58.58,65.67,-7.090000000000003,0.3065,0.2937,0.012799999999999978,0.3633,0.3196,0.04370000000000002,0.5218,0.3929,0.12890000000000001,,,,,,,0.0433,0.0395,0.003799999999999998,0.875,0.875,0.0,0.7848,0.835,-0.05019999999999991
page-fd04ea51-677c-4de2-8e8e-adfd791e2957,single_column,academic_literature,english,,82.41,90.81,-8.400000000000006,0.1779,0.0099,0.168,0.1779,0.0099,0.168,,,,0.8261,0.8261,0.0,0.8667,0.8667,0.0,0.0,0.0,0.0,1.0,1.0,0.0,0.9716,0.9716,0.0
page-fd7003ba-9af2-4b60-8c45-1e2ac1c7f474,single_column,research_report,traditional_chinese,,58.91,86.03,-27.120000000000005,0.392,0.0541,0.33790000000000003,0.392,0.0541,0.33790000000000003,,,,0.5702,0.7747,-0.20450000000000002,0.7488,0.8526,-0.1038,0.0,0.0,0.0,0.9474,1.0,-0.05259999999999998,0.9385,0.9542,-0.015700000000000047
scihub_j.1528-1167.2008.01552.x.pdf_3,double_column,academic_literature,english,"table_omission_line, table_veritical, table_span, table_with_formula",46.3,51.36,-5.060000000000002,0.0739,0.0721,0.001799999999999996,0.0768,0.0756,0.0011999999999999927,,,,0.0,0.0994,-0.0994,0.0,0.1319,-0.1319,0.0,0.0,0.0,0.9,1.0,-0.09999999999999998,0.9178,0.9247,-0.006900000000000017
scihub_j.cbpb.2019.110324.pdf_6,1andmore_column,academic_literature,english,"table_span, table_horizontal, table_fewer_line",69.11,62.54,6.57,0.562,0.4416,0.12040000000000006,5.648,5.5276,0.12040000000000006,,,,0.9442,0.6923,0.2519,0.9792,0.7917,0.1875,0.0,0.0,0.0,0.8889,0.8889,0.0,0.8481,0.8464,0.0016999999999999238
scihub_j.jallcom.2003.09.015.pdf_1,1andmore_column,academic_literature,english,"table_fewer_line, table_horizontal, table_with_formula, table_span",79.74,80.88,-1.1400000000000006,0.1773,0.1564,0.020900000000000002,0.1821,0.1624,0.019700000000000023,,,,0.7721,0.774,-0.0019000000000000128,0.9721,0.9721,0.0,0.0,0.0,0.0,0.96,0.96,0.0,0.841,0.8502,-0.009199999999999986
scihub_jps.21547.pdf_7,1andmore_column,academic_literature,english,"table_fewer_line, table_span, table_horizontal",80.28,81.7,-1.4200000000000017,0.2465,0.2463,0.00020000000000000573,0.3521,0.3532,-0.0010999999999999899,,,,0.8522,0.8804,-0.028200000000000003,1.0,1.0,0.0,0.0,0.0,0.0,0.9565,0.9565,0.0,0.9174,0.9174,0.0
scihub_prrv.2001.0150.pdf_0,other_layout,academic_literature,english,colorful_backgroud,99.42,99.52,-0.09999999999999432,0.0058,0.0048,0.001,0.0058,0.0048,0.001,,,,,,,,,,0.0,0.0,0.0,0.9565,0.9565,0.0,0.9161,0.9041,0.01200000000000001
yanbaopptmerge_2f4902871606698497c53ccb18d3fec2f83d05047d883cd65bbce26bfb27bcd2.pdf_1,single_column,research_report,simplified_chinese,"table_fewer_line, table_horizontal, table_span",99.84,99.84,0.0,0.0,0.0,0.0,0.0,0.0,0.0,,,,0.9968,0.9968,0.0,1.0,1.0,0.0,0.0,0.0,0.0,1.0,1.0,0.0,0.8757,0.9241,-0.0484
yanbaopptmerge_6ffacf656934424ef14b39750f1d93926693dd8b7fa925859f1349d253ba2566.pdf_2,single_column,research_report,simplified_chinese,"table_fewer_line, table_horizontal, table_span",25.53,58.67,-33.14,0.6584,0.0035,0.6549,0.6584,0.0035,0.6549,,,,0.1689,0.1769,-0.008000000000000007,0.25,0.25,0.0,0.0,0.0,0.0,1.0,1.0,0.0,0.8876,0.8829,0.0046999999999999265
yanbaopptmerge_70a45bf10fb90ae0c91d44a11e0a97a8f9515d85626b54eb50a80b6146e5c2bf.pdf_10,single_column,research_report,simplified_chinese,"table_full_line, table_horizontal, table_span",73.5,87.58,-14.079999999999998,0.3052,0.1829,0.12230000000000002,0.312,0.1897,0.12229999999999999,,,,0.7751,0.9346,-0.15949999999999998,0.8438,0.9688,-0.125,0.0278,0.0666,-0.03880000000000001,0.7857,0.7857,0.0,0.6754,0.7012,-0.025800000000000045
yanbaopptmerge_SE05.pdf_7,single_column,PPT2PDF,english,colorful_backgroud,74.81,74.95,-0.14000000000000057,0.2519,0.2505,0.0014000000000000123,0.2519,0.2505,0.0014000000000000123,,,,,,,,,,0.0,0.0,0.0,0.5714,0.5714,0.0,0.6862,0.6862,0.0
yanbaopptmerge_SE17.pdf_10,single_column,PPT2PDF,english,colorful_backgroud,58.66,58.66,0.0,0.4134,0.4134,0.0,0.4134,0.4134,0.0,,,,,,,,,,0.0,0.0,0.0,0.4444,0.5,-0.05559999999999998,0.6186,0.6186,0.0
yanbaopptmerge_SE20.pdf_2,single_column,PPT2PDF,english,"colorful_backgroud, table_full_line, table_horizontal, table_span",81.71,81.85,-0.14000000000000057,0.1829,0.1815,0.0014000000000000123,0.1829,0.1815,0.0014000000000000123,,,,,,,,,,0.0,0.0,0.0,0.3529,0.3529,0.0,0.816,0.816,0.0
yanbaopptmerge_e60b3b61281e87ddf42f9321a9e6ef9d.pdf_159,single_column,book,english,"table_full_line, table_horizontal",88.62,94.78,-6.159999999999997,0.2275,0.1044,0.1231,0.2282,0.1051,0.12309999999999999,,,,1.0,1.0,0.0,1.0,1.0,0.0,0.0,0.0,0.0,0.8571,0.8571,0.0,0.8047,0.8397,-0.03500000000000003
yanbaopptmerge_fa82190001969f29ed969fe5034956ba12f782219a8345468bb6593cba7ffc48.pdf_2,single_column,research_report,simplified_chinese,"table_fewer_line, table_horizontal, table_span",55.03,88.77,-33.739999999999995,0.6732,0.0013,0.6719,0.6732,0.0013,0.6719,,,,0.7738,0.7766,-0.0027999999999999137,0.8,0.8,0.0,0.0,0.0,0.0,1.0,1.0,0.0,0.9411,0.9517,-0.010599999999999943
yanbaopptmerge_yanbaoPPT_1360,single_column,PPT2PDF,simplified_chinese,colorful_backgroud,86.07,43.62,42.449999999999996,0.1393,0.5638,-0.4245,0.1393,2.9001,-2.7608,,,,,,,,,,0.0,0.0,0.0,0.75,0.75,0.0,0.8362,0.412,0.4242000000000001
yanbaopptmerge_yanbaoPPT_1615,single_column,PPT2PDF,en_ch_mixed,colorful_backgroud,99.74,99.74,0.0,0.0026,0.0026,0.0,0.0026,0.0026,0.0,,,,,,,,,,0.0,0.0,0.0,1.0,1.0,0.0,0.7182,0.7159,0.0022999999999999687
yanbaopptmerge_yanbaoPPT_1735,single_column,PPT2PDF,simplified_chinese,"colorful_backgroud, fuzzy_scan",81.4,82.98,-1.5799999999999983,0.186,0.1702,0.01580000000000001,0.1883,0.1726,0.015699999999999992,,,,,,,,,,0.0,0.0,0.0,1.0,1.0,0.0,0.8949,0.8956,-0.0006999999999999229
yanbaopptmerge_yanbaoPPT_1810,single_column,PPT2PDF,simplified_chinese,colorful_backgroud,74.44,78.89,-4.450000000000003,0.2556,0.2111,0.044499999999999984,0.2556,0.2111,0.044499999999999984,,,,,,,,,,0.0,0.0,0.0,0.8,0.8,0.0,0.7758,0.7758,0.0
yanbaopptmerge_yanbaoPPT_2460,other_layout,PPT2PDF,simplified_chinese,colorful_backgroud,15.93,60.47,-44.54,0.7663,0.513,0.25329999999999997,2.4029,0.8577,1.5452,0.915,0.2775,0.6375,,,,,,,0.3273,0.0909,0.2364,0.9565,0.9565,0.0,0.173,0.7215,-0.5485
yanbaopptmerge_yanbaoPPT_3150,single_column,PPT2PDF,simplified_chinese,colorful_backgroud,72.99,72.99,0.0,0.2701,0.2701,0.0,0.2701,0.2701,0.0,,,,,,,,,,0.0,0.0,0.0,0.5,0.5,0.0,0.6401,0.6396,0.000500000000000056
yanbaopptmerge_yanbaoPPT_4095,single_column,PPT2PDF,simplified_chinese,colorful_backgroud,51.21,46.06,5.149999999999999,0.4879,0.5394,-0.05149999999999999,0.4879,0.5394,-0.05149999999999999,,,,,,,,,,,,,0.6667,0.6667,0.0,0.5147,0.4258,0.08890000000000003
yanbaopptmerge_yanbaoPPT_4115,single_column,PPT2PDF,simplified_chinese,colorful_backgroud,95.79,96.29,-0.5,0.0421,0.0371,0.0049999999999999975,0.0422,0.0371,0.0051,,,,,,,,,,0.0,0.0,0.0,1.0,1.0,0.0,0.9464,0.9484,-0.0020000000000000018
yanbaopptmerge_yanbaoPPT_4310,single_column,PPT2PDF,simplified_chinese,colorful_backgroud,70.0,71.97,-1.9699999999999989,0.2322,0.1928,0.03939999999999999,0.3151,0.2739,0.041200000000000014,0.3678,0.3678,0.0,,,,,,,0.0,0.0,0.0,0.75,0.6667,0.08330000000000004,0.9275,0.9277,-0.00019999999999997797
yanbaopptmerge_yanbaoPPT_4570,other_layout,PPT2PDF,simplified_chinese,colorful_backgroud,6.4,6.91,-0.5099999999999998,0.936,0.9309,0.0051000000000001044,0.936,0.9309,0.0051000000000001044,,,,,,,,,,,1.0,,0.2632,0.64,-0.3768,0.1873,0.063,0.1243
yanbaopptmerge_yanbaoPPT_4900,single_column,PPT2PDF,simplified_chinese,colorful_backgroud,62.5,63.19,-0.6899999999999977,0.375,0.3681,0.006900000000000017,0.375,0.3681,0.006900000000000017,,,,,,,,,,,,,0.5,0.5,0.0,0.5027,0.5027,0.0
yanbaopptmerge_yanbaoPPT_5305,single_column,PPT2PDF,simplified_chinese,colorful_backgroud,96.77,98.33,-1.5600000000000023,0.0323,0.0167,0.015600000000000003,0.0345,0.0172,0.017300000000000003,,,,,,,,,,0.0,0.0,0.0,0.8,0.8,0.0,0.8903,0.8903,0.0
yanbaopptmerge_yanbaoPPT_5345,single_column,PPT2PDF,simplified_chinese,colorful_backgroud,98.33,100.0,-1.6700000000000017,0.0167,0.0,0.0167,0.0172,0.0,0.0172,,,,,,,,,,0.0,0.0,0.0,1.0,1.0,0.0,0.9609,0.959,0.0019000000000000128
yanbaopptmerge_yanbaoPPT_5685,single_column,PPT2PDF,simplified_chinese,colorful_backgroud,83.48,84.15,-0.6700000000000017,0.1652,0.1585,0.0067000000000000115,0.1658,0.1585,0.007300000000000001,,,,,,,,,,0.0,0.0,0.0,0.8571,0.8571,0.0,0.7837,0.7803,0.0033999999999999586
yanbaopptmerge_yanbaoPPT_6130,single_column,PPT2PDF,simplified_chinese,colorful_backgroud,78.05,77.07,0.980000000000004,0.2195,0.2293,-0.009800000000000003,0.2211,0.2305,-0.00940000000000002,,,,,,,,,,0.0,0.0,0.0,0.6154,0.6154,0.0,0.7066,0.6996,0.007000000000000006
yanbaopptmerge_yanbaoPPT_6170,single_column,PPT2PDF,simplified_chinese,colorful_backgroud,96.52,95.63,0.8900000000000006,0.0348,0.0437,-0.008900000000000005,0.0357,0.0437,-0.008,,,,,,,,,,0.0,0.0,0.0,1.0,1.0,0.0,0.9382,0.9361,0.0020999999999999908
yanbaopptmerge_yanbaoPPT_725,single_column,PPT2PDF,simplified_chinese,colorful_backgroud,96.88,100.0,-3.1200000000000045,0.0312,0.0,0.0312,0.0323,0.0,0.0323,,,,,,,,,,0.0,0.0,0.0,0.8,0.8,0.0,0.9339,0.9312,0.0026999999999999247
yanbaopptmerge_yanbaoPPT_750,single_column,PPT2PDF,simplified_chinese,colorful_backgroud,100.0,100.0,0.0,0.0,0.0,0.0,0.0,0.0,0.0,,,,,,,,,,0.0,0.0,0.0,1.0,1.0,0.0,0.8656,0.8656,0.0
yanbaopptmerge_yanbaoPPT_805,single_column,PPT2PDF,simplified_chinese,colorful_backgroud,97.1,100.0,-2.9000000000000057,0.029,0.0,0.029,0.0304,0.0,0.0304,,,,,,,,,,0.0,0.0,0.0,1.0,1.0,0.0,0.9295,0.9308,-0.0012999999999999678
yanbaopptmerge_yanbaoPPT_90,single_column,PPT2PDF,simplified_chinese,colorful_backgroud,100.0,100.0,0.0,0.0,0.0,0.0,0.0,0.0,0.0,,,,,,,,,,,,,0.25,0.5,-0.25,0.9201,0.5441,0.376
yanbaopptmerge_yanbaoPPT_985,single_column,PPT2PDF,simplified_chinese,colorful_backgroud,90.79,93.42,-2.6299999999999955,0.0921,0.0658,0.026300000000000004,0.0921,0.0658,0.026300000000000004,,,,,,,,,,,,,1.0,1.0,0.0,0.9811,0.9811,0.0
yanbaor2_0a47b1d6b03103a249101f13e89f2226a273a75378d8110d46eb42c1cfa65ffd.pdf_10,other_layout,book,simplified_chinese,,52.5,50.0,2.5,0.475,0.5,-0.025000000000000022,0.475,0.5,-0.025000000000000022,,,,,,,,,,,0.0,,0.1739,0.2609,-0.08700000000000002,0.4418,0.6079,-0.16609999999999997
yanbaor2_0a49fd5fc362650bf30a0a9391a2d2f091e751ba3d51da18e630e23856905c63.pdf_8,1andmore_column,book,english,,98.02,99.19,-1.1700000000000017,0.0198,0.0081,0.011700000000000002,0.0198,0.0081,0.011700000000000002,,,,,,,,,,0.0,0.0,0.0,1.0,1.0,0.0,0.9549,0.9543,0.0005999999999999339
yanbaor2_0aa9545ccbc482a37e3b55c96897f0f24cee08bb80c7addfb0c219814af44a3b.pdf_27,single_column,book,simplified_chinese,"table_fewer_line, colorful_backgroud, table_veritical, table_with_formula",57.17,5.36,51.81,0.0,1.0,-1.0,0.0,1.0,-1.0,,,,0.1434,0.1071,0.0363,0.3644,0.4463,-0.08189999999999997,1.0,,,0.6667,0.8,-0.13330000000000009,0.8741,0.9073,-0.03320000000000001
yanbaor2_1492d25d79af850815ea449254ea62418c3c7fd582792b5191e1879671ba1219.pdf_88,single_column,research_report,simplified_chinese,"table_veritical, colorful_backgroud, table_omission_line",46.0,42.4,3.6000000000000014,0.08,1.0,-0.92,0.08,1.0,-0.92,,,,0.0,0.848,-0.848,0.0,0.9938,-0.9938,1.0,,,0.5,0.6667,-0.16669999999999996,0.7716,0.9469,-0.1753
yanbaor2_3e1be78252e2fdfe1adf12bba38ec2a7b30699e152d61269aa6e5827f5adcc35.pdf_13,other_layout,magazine,simplified_chinese,"table_horizontal, table_span, colorful_backgroud, table_with_img, table_fewer_line",75.06,72.69,2.3700000000000045,0.0807,0.1142,-0.0335,0.0886,0.1167,-0.0281,,,,0.582,0.5681,0.013899999999999912,0.7361,0.7361,0.0,0.0,0.0,0.0,1.0,1.0,0.0,0.8345,0.8456,-0.011099999999999999
yanbaor2_75f9d788216f5e26469269defcd466aa8d250542b2142c72782103913bc6e61b.pdf_6,single_column,PPT2PDF,simplified_chinese,"table_full_line, table_horizontal",91.2,91.19,0.010000000000005116,0.1385,0.1385,0.0,0.1385,0.1385,0.0,,,,0.9626,0.9623,0.00029999999999996696,1.0,1.0,0.0,0.0,0.0,0.0,0.8571,0.8571,0.0,0.8182,0.8245,-0.006299999999999972
yanbaor2_930d8c81854d7450cd35af7b050fed88e4e461b4f0ac0dab07e3232a4e703a06.pdf_14,other_layout,magazine,english,,49.09,81.84,-32.75,0.5091,0.1816,0.3275,1.5801,0.4267,1.1534,,,,,,,,,,0.1428,0.0715,0.07130000000000002,0.8,0.8,0.0,0.5037,0.6338,-0.1301
yanbaor2_9674ff37a7d4ea8fb80538bf2d8193dd0dca8f838bdd51f4862769746e996126.pdf_26,1andmore_column,book,english,,83.82,89.36,-5.540000000000006,0.1618,0.1064,0.055400000000000005,0.1618,0.1064,0.055400000000000005,,,,,,,,,,0.0,0.0,0.0,0.9524,0.9524,0.0,0.8441,0.8786,-0.034500000000000086
yanbaor2_9be04f6bcbe2c6afc83f0751eb05e361872f9673ccd4bec49cf844c66f34bff0.pdf_19,three_column,magazine,simplified_chinese,,92.67,92.71,-0.03999999999999204,0.0733,0.0729,0.0003999999999999976,0.0743,0.0729,0.0013999999999999985,,,,,,,,,,0.0,0.0,0.0,1.0,1.0,0.0,0.9431,0.9414,0.0017000000000000348
yanbaor2_c23ab881b15885d295fd4ea93d0c36a058ba1a53a36574087ddd39df2811d34d.pdf_3,1andmore_column,magazine,simplified_chinese,,77.84,77.46,0.38000000000000966,0.2216,0.2254,-0.003799999999999998,0.2229,0.2254,-0.0025000000000000022,,,,,,,,,,0.0,0.0,0.0,0.9091,0.9091,0.0,0.9181,0.9255,-0.007399999999999962
yanbaor2_ey-digital-state-tax-article.pdf_0,1andmore_column,magazine,english,,42.3,48.7,-6.400000000000006,0.577,0.513,0.06399999999999995,5.1912,5.1593,0.03190000000000026,,,,,,,,,,0.2424,0.2424,0.0,0.96,0.8889,0.07109999999999994,0.3079,0.3058,0.0020999999999999908
yanbaor2_ey-financial-sustainability-whitepaper.pdf_17,double_column,book,english,,99.7,99.67,0.030000000000001137,0.003,0.0033,-0.0002999999999999999,0.003,0.0033,-0.0002999999999999999,,,,,,,,,,0.0,0.0,0.0,1.0,1.0,0.0,0.9411,0.938,0.0031000000000001027
yanbaor2_yanbaoPPT_2108,other_layout,magazine,simplified_chinese,,56.54,55.27,1.269999999999996,0.4346,0.4473,-0.012699999999999989,0.706,0.6874,0.01859999999999995,,,,,,,,,,0.0,0.0,0.0,0.8,0.8,0.0,0.9013,0.9084,-0.007099999999999995
yanbaor2_yanbaoPPT_3282,other_layout,magazine,simplified_chinese,colorful_backgroud,100.0,80.0,20.0,0.0,0.2,-0.2,0.0,0.5,-0.5,,,,,,,,,,0.0182,0.1111,-0.09290000000000001,0.6286,0.6667,-0.03809999999999991,0.5108,0.3212,0.18960000000000005
yanbaor2_yanbaoPPT_3302,1andmore_column,book,simplified_chinese,,94.84,98.96,-4.11999999999999,0.0516,0.0104,0.0412,0.0541,0.0104,0.0437,,,,,,,,,,0.0,0.0,0.0,0.9333,0.9333,0.0,0.9669,0.9667,0.00019999999999997797
yanbaor2_yanbaoPPT_3604,double_column,magazine,simplified_chinese,,94.62,95.72,-1.0999999999999943,0.0538,0.0428,0.011000000000000003,0.0551,0.0436,0.011500000000000003,,,,,,,,,,0.0,0.0,0.0,0.963,0.963,0.0,0.9034,0.8984,0.0050000000000000044
yanbaor2_yanbaoPPT_469,1andmore_column,book,english,,79.29,97.78,-18.489999999999995,0.2071,0.0222,0.1849,1.8639,0.0226,1.8413,,,,,,,,,,0.0666,0.0,0.0666,0.5714,0.5714,0.0,0.7603,0.8855,-0.12519999999999998
yanbaor2_yanbaoPPT_5544,single_column,book,simplified_chinese,"table_full_line, table_horizontal",95.5,96.36,-0.8599999999999994,0.0353,0.0356,-0.00030000000000000165,0.0354,0.0356,-0.0001999999999999988,,,,0.9453,0.9629,-0.01759999999999995,1.0,1.0,0.0,0.0,0.0,0.0,1.0,1.0,0.0,0.9348,0.9506,-0.015800000000000036
yanbaor2_yanbaoPPT_5627,1andmore_column,magazine,english,,36.56,36.06,0.5,0.6344,0.6394,-0.0050000000000000044,0.7366,0.7417,-0.005099999999999993,,,,,,,,,,0.2666,0.2666,0.0,1.0,1.0,0.0,0.2494,0.2485,0.0009000000000000119
,,,,,,,,,,,,,,,,,,,,,,,,,,,,,,,
"* Skor Komposit (0–100)* = rata-rata [(1−Text Edit), Table TEDS, (1−Formula Edit)]×100. PROKSI, BUKAN metrik 'Overall' resmi OmniDocBench (yang memakai CDM untuk formula). Modalitas yang tidak ada di GT ditulis N/A; modalitas GT yang hilang di prediksi diberi penalti. Jangan dibandingkan dengan angka leaderboard.",,,,,,,,,,,,,,,,,,,,,,,,,,,,,,,
